ds,trend,yhat_lower,yhat_upper,trend_lower,trend_upper,multiplicative_terms,multiplicative_terms_lower,multiplicative_terms_upper,weekly,weekly_lower,weekly_upper,yearly,yearly_lower,yearly_upper,additive_terms,additive_terms_lower,additive_terms_upper,yhat
2015-01-02,49.17701324469893,-1234.352511275125,1391.5130183048939,49.17701324469893,49.17701324469893,1.3652083551748284,1.3652083551748284,1.3652083551748284,1.1327216263949684,1.1327216263949684,1.1327216263949684,0.23248672877986,0.23248672877986,0.23248672877986,0.0,0.0,0.0,116.31388260890509
2015-02-08,65.54230653748029,-882.128212016296,1857.3705047249,65.54230653748029,65.54230653748029,6.339462960408393,6.339462960408393,6.339462960408393,0.24146540851387843,0.24146540851387843,0.24146540851387843,6.097997551894514,6.097997551894514,6.097997551894514,0.0,0.0,0.0,481.04533117156944
2015-02-09,65.98461176160951,-792.422786561532,1812.6303067133204,65.98461176160951,65.98461176160951,6.171966970308711,6.171966970308711,6.171966970308711,-0.1670628914991256,-0.1670628914991256,-0.1670628914991256,6.339029861807838,6.339029861807838,6.339029861807838,0.0,0.0,0.0,473.2394561029071
2015-02-11,66.86922220986796,-926.0702718299821,1794.3583558246441,66.86922220986796,66.86922220986796,6.6580016989909705,6.6580016989909705,6.6580016989909705,0.021929523916463634,0.021929523916463634,0.021929523916463634,6.636072175074508,6.636072175074508,6.636072175074508,0.0,0.0,0.0,512.0846172933735
2015-02-20,70.849969227031,-797.7026373262341,1860.2183255912078,70.849969227031,70.849969227031,5.941757658239525,5.941757658239525,5.941757658239525,1.1327216263971673,1.1327216263971673,1.1327216263971673,4.809036031842358,4.809036031842358,4.809036031842358,0.0,0.0,0.0,491.8233164677771
2015-03-11,79.25376848548628,-1438.4342890254707,1256.4411743936178,79.25376848548628,79.25376848548628,-1.985184786651946,-1.985184786651946,-1.985184786651946,0.021929523917408322,0.021929523917408322,0.021929523917408322,-2.0071143105693543,-2.0071143105693543,-2.0071143105693543,0.0,0.0,0.0,-78.07960699673653
2015-03-12,79.6960737096155,-1449.7405059432563,1124.9481497196198,79.6960737096155,79.6960737096155,-3.5816677005361273,-3.5816677005361273,-3.5816677005361273,-1.610589933384868,-1.610589933384868,-1.610589933384868,-1.9710777671512592,-1.9710777671512592,-1.9710777671512592,0.0,0.0,0.0,-205.74877935566076
2015-03-14,80.58068415787396,-1292.262284909959,1398.3807492198127,80.58068415787396,80.58068415787396,-1.3043976307460612,-1.3043976307460612,-1.3043976307460612,0.4782131848431194,0.4782131848431194,0.4782131848431194,-1.7826108155891807,-1.7826108155891807,-1.7826108155891807,0.0,0.0,0.0,-24.5285693415535
2015-03-30,87.65756774394156,-1221.929463147836,1499.218689393886,87.65756774394156,87.65756774394156,0.4608426113789743,0.4608426113789743,0.4608426113789743,-0.16706289150060918,-0.16706289150060918,-0.16706289150060918,0.6279055028795836,0.6279055028795836,0.6279055028795836,0.0,0.0,0.0,128.0539101701889
2015-03-31,88.09987296807078,-1122.3664981302286,1470.3652821753215,88.09987296807078,88.09987296807078,0.5289709495971058,0.5289709495971058,0.5289709495971058,-0.09667691878348439,-0.09667691878348439,-0.09667691878348439,0.6256478683805902,0.6256478683805902,0.6256478683805902,0.0,0.0,0.0,134.70214643137558
2015-04-18,96.06137457658612,-1296.6031705828013,1405.464759239261,96.06137457658612,96.06137457658612,-0.4776154560660618,-0.4776154560660618,-0.4776154560660618,0.4782131848460688,0.4782131848460688,0.4782131848460688,-0.9558286409121306,-0.9558286409121306,-0.9558286409121306,0.0,0.0,0.0,50.180977347857144
2015-05-12,106.67671005460653,-1288.9860087811253,1310.5673827008557,106.67671005460653,106.67671005460653,-0.6675707123670263,-0.6675707123670263,-0.6675707123670263,-0.09667691878517226,-0.09667691878517226,-0.09667691878517226,-0.570893793581854,-0.570893793581854,-0.570893793581854,0.0,0.0,0.0,35.46246273048214
2015-05-20,110.21515521394667,-1184.2239811121594,1464.3777594845697,110.21515521394667,110.21515521394667,-0.5846156661153552,-0.5846156661153552,-0.5846156661153552,0.021929523916838,0.021929523916838,0.021929523916838,-0.6065451900321931,-0.6065451900321931,-0.6065451900321931,0.0,0.0,0.0,45.781648832537975
2015-05-30,114.63821166312185,-1239.579505819299,1486.1686761362425,114.63821166312185,114.63821166312185,-0.05029922368674844,-0.05029922368674844,-0.05029922368674844,0.478213184843719,0.478213184843719,0.478213184843719,-0.5285124085304675,-0.5285124085304675,-0.5285124085304675,0.0,0.0,0.0,108.87199861162968
2015-06-12,120.38818504704956,-1345.561262635806,1508.9399230585907,120.38818504704956,120.38818504704956,0.2951052325884617,0.2951052325884617,0.2951052325884617,1.1327216263957058,1.1327216263957058,1.1327216263957058,-0.8376163938072441,-0.8376163938072441,-0.8376163938072441,0.0,0.0,0.0,155.9153683962619
2015-06-20,123.92663020638973,-1317.640297672526,1369.7389537203549,123.92663020638973,123.92663020638973,-0.47713178187430916,-0.47713178187430916,-0.47713178187430916,0.4782131848470499,0.4782131848470499,0.4782131848470499,-0.9553449667213592,-0.9553449667213592,-0.9553449667213592,0.0,0.0,0.0,64.7972963143364
2015-07-09,132.33043745982255,-1515.2624756715927,1220.455164864438,132.33043745982255,132.33043745982255,-1.9515583162208763,-1.9515583162208763,-1.9515583162208763,-1.6105899333845142,-1.6105899333845142,-1.6105899333845142,-0.34096838283636205,-0.34096838283636205,-0.34096838283636205,0.0,0.0,0.0,-125.92012825404072
2015-07-14,134.54196568441012,-1184.0678052333772,1456.875123678329,134.54196568441012,134.54196568441012,-0.618346754754197,-0.618346754754197,-0.618346754754197,-0.09667691878523194,-0.09667691878523194,-0.09667691878523194,-0.5216698359689651,-0.5216698359689651,-0.5216698359689651,0.0,0.0,0.0,51.34837782520459
2015-07-15,134.98427132932767,-1337.195212486701,1335.4582911008156,134.98427132932767,134.98427132932767,-0.5538551355063593,-0.5538551355063593,-0.5538551355063593,0.02192952391872749,0.02192952391872749,0.02192952391872749,-0.5757846594250873,-0.5757846594250873,-0.5757846594250873,0.0,0.0,0.0,60.22253944099572
2015-07-21,137.63810535682262,-1400.9933054601895,1319.9616410596634,137.63810535682262,137.63810535682262,-0.9841841739718162,-0.9841841739718162,-0.9841841739718162,-0.09667691878633744,-0.09667691878633744,-0.09667691878633744,-0.8875072551854787,-0.8875072551854787,-0.8875072551854787,0.0,0.0,0.0,2.1768603291723347
2015-07-26,139.8496337130684,-1314.6268822340478,1436.359689327986,139.8496337130684,139.8496337130684,-0.6959675563337226,-0.6959675563337226,-0.6959675563337226,0.24146540850557402,0.24146540850557402,0.24146540850557402,-0.9374329648392967,-0.9374329648392967,-0.9374329648392967,0.0,0.0,0.0,42.51882588361799
2015-08-08,145.5996074393075,-1128.1834118239979,1576.9409199559616,145.5996074393075,145.5996074393075,0.6461249038950734,0.6461249038950734,0.6461249038950734,0.4782131848450672,0.4782131848450672,0.4782131848450672,0.16791171905000626,0.16791171905000626,0.16791171905000626,0.0,0.0,0.0,239.6751398031905
2015-08-09,146.04191311055666,-1189.065175701538,1560.6028446886057,146.04191311055666,146.04191311055666,0.5077665134373651,0.5077665134373651,0.5077665134373651,0.24146540850673645,0.24146540850673645,0.24146540850673645,0.2663011049306287,0.2663011049306287,0.2663011049306287,0.0,0.0,0.0,220.19710614642665
2015-09-01,156.21494354928734,-1258.0540768458811,1416.217955596303,156.21494354928734,156.21494354928734,-0.5362741816539476,-0.5362741816539476,-0.5362741816539476,-0.09667691878351864,-0.09667691878351864,-0.09667691878351864,-0.4395972628704289,-0.4395972628704289,-0.4395972628704289,0.0,0.0,0.0,72.44090253527565
2015-09-06,158.42647190553316,-1295.586048330217,1459.2666680564862,158.42647190553316,158.42647190553316,-0.29721747427607964,-0.29721747427607964,-0.29721747427607964,0.24146540851016585,0.24146540851016585,0.24146540851016585,-0.5386828827862454,-0.5386828827862454,-0.5386828827862454,0.0,0.0,0.0,111.33935606730032
2015-09-19,164.17644563177225,-1065.5340332529163,1744.464748708967,164.17644563177225,164.17644563177225,0.7045912612696015,0.7045912612696015,0.7045912612696015,0.47821318484610814,0.47821318484610814,0.47821318484610814,0.2263780764234933,0.2263780764234933,0.2263780764234933,0.0,0.0,0.0,279.8537345302228
2015-09-20,164.61875130302138,-1086.2393402415735,1515.420503672411,164.61875130302138,164.61875130302138,0.5227427084778926,0.5227427084778926,0.5227427084778926,0.24146540850660347,0.24146540850660347,0.24146540850660347,0.2812772999712891,0.2812772999712891,0.2812772999712891,0.0,0.0,0.0,250.6720032254114
2015-10-10,173.4648647280046,-1090.2863497719063,1615.7730952258419,173.4648647280046,173.4648647280046,0.32013552600963907,0.32013552600963907,0.32013552600963907,0.4782131848460485,0.4782131848460485,0.4782131848460485,-0.15807765883640956,-0.15807765883640956,-0.15807765883640956,0.0,0.0,0.0,228.99713044189525
2015-10-14,175.23408741300125,-1343.0806857845546,1448.658632333135,175.23408741300125,175.23408741300125,-0.29034601513160285,-0.29034601513160285,-0.29034601513160285,0.02192952391922398,0.02192952391922398,0.02192952391922398,-0.31227553905082683,-0.31227553905082683,-0.31227553905082683,0.0,0.0,0.0,124.35556841741337
2015-10-17,176.56100473083944,-1183.743448213474,1571.4473655178592,176.56100473083944,176.56100473083944,0.08297508075763427,0.08297508075763427,0.08297508075763427,0.4782131848464153,0.4782131848464153,0.4782131848464153,-0.395238104088781,-0.395238104088781,-0.395238104088781,0.0,0.0,0.0,191.21116835702986
2015-10-20,177.88792204867767,-1285.8780183457238,1446.5616178033404,177.88792204867767,177.88792204867767,-0.5562037120452895,-0.5562037120452895,-0.5562037120452895,-0.09667691878609297,-0.09667691878609297,-0.09667691878609297,-0.45952679325919643,-0.45952679325919643,-0.45952679325919643,0.0,0.0,0.0,78.94599947718005
2015-10-28,181.42636822957954,-1283.5110174221372,1437.4714247090064,181.42636822957954,181.42636822957954,-0.5940208532473717,-0.5940208532473717,-0.5940208532473717,0.021929523918979732,0.021929523918979732,0.021929523918979732,-0.6159503771663515,-0.6159503771663515,-0.6159503771663515,0.0,0.0,0.0,73.65532217227285
2015-10-29,181.86867400219228,-1576.3804685297166,1152.0805290834153,181.86867400219228,181.86867400219228,-2.2466971421634856,-2.2466971421634856,-2.2466971421634856,-1.610589933382189,-1.610589933382189,-1.610589933382189,-0.6361072087812967,-0.6361072087812967,-0.6361072087812967,0.0,0.0,0.0,-226.73515612759573
2015-11-04,184.52250863786873,-1329.6650051177578,1296.7560554406277,184.52250863786873,184.52250863786873,-0.7047134175012059,-0.7047134175012059,-0.7047134175012059,0.021929523915859228,0.021929523915859228,0.021929523915859228,-0.7266429414170652,-0.7266429414170652,-0.7266429414170652,0.0,0.0,0.0,54.487020969780474
2015-11-05,184.96481441048144,-1703.2182921626636,1094.9261635747948,184.96481441048144,184.96481441048144,-2.3420516038928474,-2.3420516038928474,-2.3420516038928474,-1.61058993338416,-1.61058993338416,-1.61058993338416,-0.7314616705086877,-0.7314616705086877,-0.7314616705086877,0.0,0.0,0.0,-248.23232584332948
2015-11-07,185.8494259557069,-1140.2377039485796,1568.5088321602368,185.8494259557069,185.8494259557069,-0.2494894685054206,-0.2494894685054206,-0.2494894685054206,0.47821318484524056,0.47821318484524056,0.47821318484524056,-0.7277026533506612,-0.7277026533506612,-0.7277026533506612,0.0,0.0,0.0,139.48195145198008
2015-11-11,187.61864904615786,-1362.3659281529842,1440.5196208322554,187.61864904615786,187.61864904615786,-0.6384234048737293,-0.6384234048737293,-0.6384234048737293,0.021929523920951377,0.021929523920951377,0.021929523920951377,-0.6603529287946805,-0.6603529287946805,-0.6603529287946805,0.0,0.0,0.0,67.8385123043005
2015-11-16,189.83017790922153,-1344.5545879165434,1334.888935369026,189.83017790922153,189.83017790922153,-0.6486219764015567,-0.6486219764015567,-0.6486219764015567,-0.16706289149910866,-0.16706289149910866,-0.16706289149910866,-0.4815590849024481,-0.4815590849024481,-0.4815590849024481,0.0,0.0,0.0,66.70215273308312
2015-11-19,191.15709508722713,-1444.9268199236278,1120.463878092542,191.15709508722713,191.15709508722713,-1.9683305474771084,-1.9683305474771084,-1.9683305474771084,-1.6105899333826779,-1.6105899333826779,-1.6105899333826779,-0.3577406140944305,-0.3577406140944305,-0.3577406140944305,0.0,0.0,0.0,-185.10325453994832
2015-11-21,192.04170653923092,-1126.6266844973723,1630.9806012315016,192.04170653923092,192.04170653923092,0.19308655759523607,0.19308655759523607,0.19308655759523607,0.478213184843699,0.478213184843699,0.478213184843699,-0.28512662724846294,-0.28512662724846294,-0.28512662724846294,0.0,0.0,0.0,229.12237856960556
2015-11-23,192.92631799123464,-1280.3282672908344,1463.7028083281941,192.92631799123464,192.92631799123464,-0.39668512681939666,-0.39668512681939666,-0.39668512681939666,-0.1670628915026643,-0.1670628915026643,-0.1670628915026643,-0.22962223531673234,-0.22962223531673234,-0.22962223531673234,0.0,0.0,0.0,116.39531707208246
2015-11-24,193.36862371723652,-1184.3644290616924,1505.5124863838423,193.36862371723652,193.36862371723652,-0.3069115435989902,-0.3069115435989902,-0.3069115435989902,-0.09667691878689466,-0.09667691878689466,-0.09667691878689466,-0.2102346248120956,-0.2102346248120956,-0.2102346248120956,0.0,0.0,0.0,134.02156092856714
2015-11-25,193.8109294432384,-1161.5450914890707,1585.5763019215274,193.81092944323836,193.81092944323836,-0.17521188318671843,-0.17521188318671843,-0.17521188318671843,0.02192952391770886,0.02192952391770886,0.02192952391770886,-0.19714140710442726,-0.19714140710442726,-0.19714140710442726,0.0,0.0,0.0,159.8529515133204
2015-11-28,195.137846621244,-1132.745993099003,1543.1731160085965,195.137846621244,195.137846621244,0.28079583324539864,0.28079583324539864,0.28079583324539864,0.47821318484745606,0.47821318484745606,0.47821318484745606,-0.19741735160205756,-0.19741735160205756,-0.19741735160205756,0.0,0.0,0.0,249.931740860969
2015-12-07,199.11859815526086,-1286.1253148358198,1423.91063238876,199.11859815526086,199.11859815526086,-0.5819267978307608,-0.5819267978307608,-0.5819267978307608,-0.1670628915006341,-0.1670628915006341,-0.1670628915006341,-0.41486390633012665,-0.41486390633012665,-0.41486390633012665,0.0,0.0,0.0,83.24614994221986
2015-12-09,200.00320960726458,-1245.2457985896053,1603.5642779164111,200.00320960726458,200.00320960726458,-0.4230152870674715,-0.4230152870674715,-0.4230152870674715,0.021929523919680283,0.021929523919680283,0.021929523919680283,-0.44494481098715166,-0.44494481098715166,-0.44494481098715166,0.0,0.0,0.0,115.39879448083188
2015-12-11,200.88782105926836,-1023.1193412838832,1651.6395725957839,200.88782105926836,200.88782105926836,0.6881558686966386,0.6881558686966386,0.6881558686966386,1.132721626397152,1.132721626397152,1.132721626397152,-0.4445657577005135,-0.4445657577005135,-0.4445657577005135,0.0,0.0,0.0,339.1299540708841
2015-12-14,202.2147383942898,-1283.7611953632072,1457.8790882134865,202.2147383942898,202.2147383942898,-0.5398763477735082,-0.5398763477735082,-0.5398763477735082,-0.1670628914990666,-0.1670628914990666,-0.1670628914990666,-0.37281345627444146,-0.37281345627444146,-0.37281345627444146,0.0,0.0,0.0,93.04378396400521
2015-12-15,202.65704417263026,-1185.2000402969227,1628.0532805445591,202.65704417263026,202.65704417263026,-0.4257339747135557,-0.4257339747135557,-0.4257339747135557,-0.0966769187899923,-0.0966769187899923,-0.0966769187899923,-0.3290570559235634,-0.3290570559235634,-0.3290570559235634,0.0,0.0,0.0,116.37905525331576
2015-12-19,204.4262672859922,-1163.381786959304,1615.1488505633959,204.4262672859922,204.4262672859922,0.40578716122754455,0.40578716122754455,0.40578716122754455,0.4782131848462815,0.4782131848462815,0.4782131848462815,-0.07242602361873682,-0.07242602361873682,-0.07242602361873682,0.0,0.0,0.0,287.37982196831825
2015-12-20,204.86857306433268,-1149.4157928763086,1525.6329894042758,204.86857306433268,204.86857306433268,0.24635151969187136,0.24635151969187136,0.24635151969187136,0.241465408507338,0.241465408507338,0.241465408507338,0.0048861111845333455,0.0048861111845333455,0.0048861111845333455,0.0,0.0,0.0,255.3382573758362
2015-12-29,208.849325069397,-1085.8173435583064,1640.2692920955103,208.849325069397,208.849325069397,0.36108451220046855,0.36108451220046855,0.36108451220046855,-0.09667691878297013,-0.09667691878297013,-0.09667691878297013,0.45776143098343863,0.45776143098343863,0.45776143098343863,0.0,0.0,0.0,284.2615817354773
2015-12-30,209.2916308477375,-1120.6205387537116,1549.6045322566742,209.2916308477375,209.2916308477375,0.4598162040811956,0.4598162040811956,0.4598162040811956,0.021929523920747207,0.021929523920747207,0.021929523920747207,0.43788668016044835,0.43788668016044835,0.43788668016044835,0.0,0.0,0.0,305.527314090107
2015-12-31,209.73393662607796,-1391.2118978569622,1269.9902980357654,209.733936626078,209.733936626078,-1.2127806448759417,-1.2127806448759417,-1.2127806448759417,-1.6105899333841296,-1.6105899333841296,-1.6105899333841296,0.397809288508188,0.397809288508188,0.397809288508188,0.0,0.0,0.0,-44.627322287666765
2016-01-03,211.06085396109944,-1043.9229217179554,1684.7108362405434,211.06085396109944,211.06085396109944,0.3964497187524981,0.3964497187524981,0.3964497187524981,0.2414654085057188,0.2414654085057188,0.2414654085057188,0.15498431024677928,0.15498431024677928,0.15498431024677928,0.0,0.0,0.0,294.7358701536394
2016-01-06,212.38777129612086,-1228.5104512759672,1340.737498826359,212.38777129612086,212.38777129612086,-0.22744378909562657,-0.22744378909562657,-0.22744378909562657,0.021929523920625194,0.021929523920625194,0.021929523920625194,-0.24937331301625182,-0.24937331301625182,-0.24937331301625182,0.0,0.0,0.0,164.08149183495578
2016-01-10,214.91101734869602,-1350.896548038719,1391.6284005335651,214.91101734869602,214.91101734869602,-0.6717453875978796,-0.6717453875978796,-0.6717453875978796,0.2414654085086623,0.2414654085086623,0.2414654085086623,-0.9132107961065419,-0.9132107961065419,-0.9132107961065419,0.0,0.0,0.0,70.54553270074159
2016-02-04,230.6813051772906,-491.9350837157065,2190.1162756475983,230.6813051772906,230.6813051772906,2.9071626837121527,2.9071626837121527,2.9071626837121527,-1.6105899333831366,-1.6105899333831366,-1.6105899333831366,4.517752617095289,4.517752617095289,4.517752617095289,0.0,0.0,0.0,901.3093874187248
2016-02-05,231.31211669043438,186.16072848238773,3004.895382870366,231.31211669043438,231.31211669043438,6.08894799040338,6.08894799040338,6.08894799040338,1.1327216263940945,1.1327216263940945,1.1327216263940945,4.956226364009284,4.956226364009284,4.956226364009284,0.0,0.0,0.0,1639.7595647686069
2016-02-11,235.0969857692971,147.73017055849263,2808.8579117087356,235.0969857692971,235.0969857692971,5.002485573310667,5.002485573310667,5.002485573310667,-1.6105899333842124,-1.6105899333842124,-1.6105899333842124,6.613075506694879,6.613075506694879,6.613075506694879,0.0,0.0,0.0,1411.166265409029
2016-02-15,237.62023182187224,405.6774527283302,3045.5318626026406,237.62023182187224,237.62023182187224,6.310816053176902,6.310816053176902,6.310816053176902,-0.16706289149741488,-0.16706289149741488,-0.16706289149741488,6.477878944674316,6.477878944674316,6.477878944674316,0.0,0.0,0.0,1737.1978053629605
2016-03-01,247.08240451902904,-1150.5330667414219,1508.4620810120382,247.08240451902904,247.08240451902904,-0.14268390239582918,-0.14268390239582918,-0.14268390239582918,-0.09667691878775575,-0.09667691878775575,-0.09667691878775575,-0.04600698360807334,-0.04600698360807334,-0.04600698360807334,0.0,0.0,0.0,211.82772282890912
2016-03-02,247.71321603217277,-1130.4856690461884,1378.7277715322948,247.71321603217277,247.71321603217277,-0.4322439984360068,-0.4322439984360068,-0.4322439984360068,0.021929523915084848,0.021929523915084848,0.021929523915084848,-0.4541735223510913,-0.4541735223510913,-0.4541735223510913,0.0,0.0,0.0,140.64066506898408
2016-03-22,260.32944629504846,-1064.2623341035667,1459.348857101328,260.32944629504846,260.32944629504846,-0.21183345966303932,-0.21183345966303932,-0.21183345966303932,-0.09667691878634621,-0.09667691878634621,-0.09667691878634621,-0.11515654087669314,-0.11515654087669314,-0.11515654087669314,0.0,0.0,0.0,205.18295903420494
2016-03-30,265.3759384001988,-856.8562215591419,1667.0738835660438,265.3759384001988,265.3759384001988,0.6504716770032188,0.6504716770032188,0.6504716770032188,0.021929523919027805,0.021929523919027805,0.021929523919027805,0.628542153084191,0.628542153084191,0.628542153084191,0.0,0.0,0.0,437.995470087679
2016-04-04,277.86797215397445,-1039.969580714534,1675.068990792992,277.86797215397445,277.86797215397445,0.15550221290460917,0.15550221290460917,0.15550221290460917,-0.1670628915011092,-0.1670628915011092,-0.1670628915011092,0.3225651044057183,0.3225651044057183,0.3225651044057183,0.0,0.0,0.0,321.0770567192338
2016-04-05,280.3663789047297,-1028.4912362000725,1655.4200359006952,280.3663789047297,280.3663789047297,0.11753089418737528,0.11753089418737528,0.11753089418737528,-0.09667691878383106,-0.09667691878383106,-0.09667691878383106,0.21420781297120634,0.21420781297120634,0.21420781297120634,0.0,0.0,0.0,313.318090117479
2016-04-07,285.3631924062399,-1533.0188547431258,1126.3058755491054,285.3631924062399,285.3631924062399,-1.6353072315014612,-1.6353072315014612,-1.6353072315014612,-1.6105899333832865,-1.6105899333832865,-1.6105899333832865,-0.02471729811817483,-0.02471729811817483,-0.02471729811817483,0.0,0.0,0.0,-181.29329974002704
2016-04-09,290.3600059077501,-946.5078928098062,1670.4084245895615,290.3600059077501,290.3600059077501,0.20640905188697184,0.20640905188697184,0.20640905188697184,0.4782131848441648,0.4782131848441648,0.4782131848441648,-0.27180413295719286,-0.27180413295719286,-0.27180413295719286,0.0,0.0,0.0,350.29293943306436
2016-04-13,300.353632910771,-1201.4671103419737,1441.9203545163798,300.353632910771,300.353632910771,-0.6791193825023978,-0.6791193825023978,-0.6791193825023978,0.02192952391800107,0.02192952391800107,0.02192952391800107,-0.7010489064203989,-0.7010489064203989,-0.7010489064203989,0.0,0.0,0.0,96.37765919605634
2016-04-16,307.8488531630362,-1122.6255165361629,1488.7575753340006,307.8488531630362,307.8488531630362,-0.4280466841145359,-0.4280466841145359,-0.4280466841145359,0.4782131848456467,0.4782131848456467,0.4782131848456467,-0.9062598689601826,-0.9062598689601826,-0.9062598689601826,0.0,0.0,0.0,176.07517235813592
2016-04-18,312.8456666645467,-1456.3763919344583,1418.742598013879,312.8456666645467,312.8456666645467,-1.1425382656718714,-1.1425382656718714,-1.1425382656718714,-0.1670628914979738,-0.1670628914979738,-0.1670628914979738,-0.9754753741738976,-0.9754753741738976,-0.9754753741738976,0.0,0.0,0.0,-44.59247874932489
2016-05-03,350.3217679258739,-1181.865514691412,1377.9152902526216,350.3217679258739,350.3217679258739,-0.6918021004442407,-0.6918021004442407,-0.6918021004442407,-0.09667691878781515,-0.09667691878781515,-0.09667691878781515,-0.5951251816564256,-0.5951251816564256,-0.5951251816564256,0.0,0.0,0.0,107.9684330434145
2016-05-13,375.3058354334257,-745.2875496378667,1910.5511389284823,375.3058354334257,375.3058354334257,0.546514439408497,0.546514439408497,0.546514439408497,1.1327216263984932,1.1327216263984932,1.1327216263984932,-0.5862071869899961,-0.5862071869899961,-0.5862071869899961,0.0,0.0,0.0,580.415893692062
2016-05-25,405.2867164424876,-1097.1566594867102,1513.1183653383819,405.2867164424876,405.2867164424876,-0.5345122801853075,-0.5345122801853075,-0.5345122801853075,0.021929523918701843,0.021929523918701843,0.021929523918701843,-0.5564418041040093,-0.5564418041040093,-0.5564418041040093,0.0,0.0,0.0,188.6559895079974
2016-05-26,407.7851236949042,-1924.1600288966133,831.088568189204,407.7851236949042,407.7851236949042,-2.157157561147915,-2.157157561147915,-2.157157561147915,-1.6105899333830758,-1.6105899333830758,-1.6105899333830758,-0.546567627764839,-0.546567627764839,-0.546567627764839,0.0,0.0,0.0,-471.8716392071962
2016-06-02,425.2739744618221,-1791.5458853470057,872.3134385648356,425.2739744618221,425.2739744618221,-2.1658848837224056,-2.1658848837224056,-2.1658848837224056,-1.6105899333827827,-1.6105899333827827,-1.6105899333827827,-0.5552949503396232,-0.5552949503396232,-0.5552949503396232,0.0,0.0,0.0,-495.82049826558676
2016-06-04,430.27078896665574,-912.1964692126851,1775.5917033778462,430.27078896665574,430.27078896665574,-0.11725508125560474,-0.11725508125560474,-0.11725508125560474,0.4782131848447792,0.4782131848447792,0.4782131848447792,-0.5954682661003841,-0.5954682661003841,-0.5954682661003841,0.0,0.0,0.0,379.81935264445735
2016-06-12,450.25804698599023,-1303.7300734742767,1518.445184676137,450.25804698599023,450.25804698599023,-0.6211549355052755,-0.6211549355052755,-0.6211549355052755,0.24146540850197729,0.24146540850197729,0.24146540850197729,-0.8626203440072526,-0.8626203440072526,-0.8626203440072526,0.0,0.0,0.0,170.57803884967618
2016-06-26,485.23574851982585,-1073.6122314106626,1581.6956262766075,485.23574851982585,485.23574851982585,-0.4780512631564898,-0.4780512631564898,-0.4780512631564898,0.24146540850980752,0.24146540850980752,0.24146540850980752,-0.7195166716662974,-0.7195166716662974,-0.7195166716662974,0.0,0.0,0.0,253.26818601123827
2016-06-29,492.7309702770763,-1021.3200245558962,1497.2827374185745,492.7309702770763,492.7309702770763,-0.5399977586686174,-0.5399977586686174,-0.5399977586686174,0.021929523917308402,0.021929523917308402,0.021929523917308402,-0.5619272825859258,-0.5619272825859258,-0.5619272825859258,0.0,0.0,0.0,226.65735070084196
2016-07-04,505.22300653916034,-1160.6364152323456,1608.9415368727737,505.22300653916034,505.22300653916034,-0.5272061019571874,-0.5272061019571874,-0.5272061019571874,-0.1670628914953974,-0.1670628914953974,-0.1670628914953974,-0.3601432104617901,-0.3601432104617901,-0.3601432104617901,0.0,0.0,0.0,238.866354642559
2016-07-11,522.7118573060781,-1181.4119721502116,1565.6792978076826,522.7118573060781,522.7118573060781,-0.5845936878321052,-0.5845936878321052,-0.5845936878321052,-0.1670628915000583,-0.1670628915000583,-0.1670628915000583,-0.41753079633204687,-0.41753079633204687,-0.41753079633204687,0.0,0.0,0.0,217.13780496994875
2016-07-20,545.1975225778294,-1232.0381343944741,1468.425691732653,545.1975225778294,545.1975225778294,-0.8560732052594444,-0.8560732052594444,-0.8560732052594444,0.021929523918375438,0.021929523918375438,0.021929523918375438,-0.8780027291778201,-0.8780027291778201,-0.8780027291778201,0.0,0.0,0.0,78.46853192511868
2016-08-03,580.1752237623913,-868.3859325094189,1695.5645128959382,580.1752237623913,580.1752237623913,-0.2748703472524744,-0.2748703472524744,-0.2748703472524744,0.02192952392034686,0.02192952392034686,0.02192952392034686,-0.29679987117282136,-0.29679987117282136,-0.29679987117282136,0.0,0.0,0.0,420.70225853954076
2016-08-05,585.1720382173285,-118.64080711650587,2638.731713135232,585.1720382173285,585.1720382173285,1.058450623123334,1.058450623123334,1.058450623123334,1.1327216263985602,1.1327216263985602,1.1327216263985602,-0.07427100327522601,-0.07427100327522601,-0.07427100327522601,0.0,0.0,0.0,1204.547746702811
2016-08-06,587.6704454447975,-516.3285064352873,2255.893977263399,587.6704454447975,587.6704454447975,0.5140904696860331,0.5140904696860331,0.5140904696860331,0.47821318484576075,0.47821318484576075,0.47821318484576075,0.03587728484027247,0.03587728484027247,0.03587728484027247,0.0,0.0,0.0,889.7862207641136
2016-08-11,600.1624815821407,-1400.0259267705665,1330.6585743995036,600.1624815821407,600.1624815821407,-1.124075546450819,-1.124075546450819,-1.124075546450819,-1.6105899333835347,-1.6105899333835347,-1.6105899333835347,0.4865143869327157,0.4865143869327157,0.4865143869327157,0.0,0.0,0.0,-74.46548786158368
2016-08-12,602.6608888096092,136.00170069357864,2937.353585382334,602.6608888096092,602.6608888096092,1.676069218386424,1.676069218386424,1.676069218386424,1.1327216263977067,1.1327216263977067,1.1327216263977067,0.5433475919887174,0.5433475919887174,0.5433475919887174,0.0,0.0,0.0,1612.7622536687986
2016-08-28,642.6354044491081,-632.7844113419756,2059.8968802964537,642.6354044491081,642.6354044491081,0.02245051373317261,0.02245051373317261,0.02245051373317261,0.24146540850627407,0.24146540850627407,0.24146540850627407,-0.2190148947731015,-0.2190148947731015,-0.2190148947731015,0.0,0.0,0.0,657.0628994221157
2016-08-29,645.1338116765771,-1059.1932690201975,1676.885626786455,645.1338116765771,645.1338116765771,-0.46411129761545156,-0.46411129761545156,-0.46411129761545156,-0.167062891501542,-0.167062891501542,-0.167062891501542,-0.2970484061139096,-0.2970484061139096,-0.2970484061139096,0.0,0.0,0.0,345.7199212037586
2016-09-02,655.1274405864517,-302.67776727732013,2420.2600351157944,655.1274405864517,655.1274405864517,0.6216637295688292,0.6216637295688292,0.6216637295688292,1.1327216263940123,1.1327216263940123,1.1327216263940123,-0.5110578968251831,-0.5110578968251831,-0.5110578968251831,0.0,0.0,0.0,1062.3964086443068
2016-09-03,657.6258478139204,-767.2678446348282,1904.7336581378604,657.6258478139204,657.6258478139204,-0.05618248634633155,-0.05618248634633155,-0.05618248634633155,0.478213184848343,0.478213184848343,0.478213184848343,-0.5343956711946747,-0.5343956711946747,-0.5343956711946747,0.0,0.0,0.0,620.67879259812
2016-09-10,675.1146983249329,-576.9894661575196,2123.175600091648,675.1146983249329,675.1146983249329,0.1271768630959802,0.1271768630959802,0.1271768630959802,0.4782131848453193,0.4782131848453193,0.4782131848453193,-0.3510363217493392,-0.3510363217493392,-0.3510363217493392,0.0,0.0,0.0,760.9736678878868
2016-09-13,682.6099199725097,-914.6914935536082,1811.281569593487,682.6099199725097,682.6099199725097,-0.239391258859023,-0.239391258859023,-0.239391258859023,-0.0966769187847516,-0.0966769187847516,-0.0966769187847516,-0.14271434007427136,-0.14271434007427136,-0.14271434007427136,0.0,0.0,0.0,519.1990719206336
2016-09-21,702.5971776993807,-438.2930074963697,2300.0089237357133,702.5971776993807,702.5971776993807,0.3794199353999105,0.3794199353999105,0.3794199353999105,0.02192952391792713,0.02192952391792713,0.02192952391792713,0.35749041148198335,0.35749041148198335,0.35749041148198335,0.0,0.0,0.0,969.1765534742391
2016-09-24,710.0923993469576,-13.140029156306472,2538.9677520170635,710.0923993469576,710.0923993469576,0.8991129159622657,0.8991129159622657,0.8991129159622657,0.47821318484716807,0.47821318484716807,0.47821318484716807,0.42089973111509754,0.42089973111509754,0.42089973111509754,0.0,0.0,0.0,1348.5456471264422
2016-09-26,715.0892137786753,-378.57293087308676,2232.383693533625,715.0892137786753,715.0892137786753,0.2474546931464083,0.2474546931464083,0.2474546931464083,-0.16706289150260528,-0.16706289150260528,-0.16706289150260528,0.41451758464901356,0.41451758464901356,0.41451758464901356,0.0,0.0,0.0,892.0413957465838
2016-10-11,752.5653220165592,-775.035795045898,1969.757327788302,752.5653220165592,752.5653220165592,-0.3287640173040281,-0.3287640173040281,-0.3287640173040281,-0.09667691878895485,-0.09667691878895485,-0.09667691878895485,-0.2320870985150733,-0.2320870985150733,-0.2320870985150733,0.0,0.0,0.0,505.1489234666957
2016-10-15,762.5589508799948,-580.7343442597902,2152.60788499029,762.5589508799948,762.5589508799948,0.114626342430304,0.114626342430304,0.114626342430304,0.4782131848414878,0.4782131848414878,0.4782131848414878,-0.3635868424111838,-0.3635868424111838,-0.3635868424111838,0.0,0.0,0.0,849.9682943068584
2016-10-18,770.0541725275716,-973.8214750131544,1693.9111414515528,770.0541725275716,770.0541725275716,-0.5309239763066967,-0.5309239763066967,-0.5309239763066967,-0.09667691878555318,-0.09667691878555318,-0.09667691878555318,-0.43424705752114356,-0.43424705752114356,-0.43424705752114356,0.0,0.0,0.0,361.2139492776702
2016-10-19,772.5525797434307,-782.9153985302607,1819.0939993955053,772.5525797434307,772.5525797434307,-0.43266170612099364,-0.43266170612099364,-0.43266170612099364,0.021929523916656035,0.021929523916656035,0.021929523916656035,-0.45459123003764956,-0.45459123003764956,-0.45459123003764956,0.0,0.0,0.0,438.29866252346295
2016-10-23,782.5462085702703,-757.1325087474402,1944.8298648740706,782.5462085702703,782.5462085702703,-0.2896801156449733,-0.2896801156449733,-0.2896801156449733,0.24146540851202825,0.24146540851202825,0.24146540851202825,-0.5311455241570017,-0.5311455241570017,-0.5311455241570017,0.0,0.0,0.0,555.858132374099
2016-10-30,800.0350590172397,-957.2018798898101,1709.96341560507,800.0350590172397,800.0350590172397,-0.4282476381960886,-0.4282476381960886,-0.4282476381960886,0.2414654085055223,0.2414654085055223,0.2414654085055223,-0.6697130467016109,-0.6697130467016109,-0.6697130467016109,0.0,0.0,0.0,457.4219345190385
2016-11-12,832.5143527044686,-577.5790794337696,2081.6499142330767,832.5143527044686,832.5143527044686,-0.12873954018020112,-0.12873954018020112,-0.12873954018020112,0.47821318484630065,0.47821318484630065,0.47821318484630065,-0.6069527250265019,-0.6069527250265019,-0.6069527250265019,0.0,0.0,0.0,725.3368377438775
2016-11-13,835.0127599111786,-723.4698559990079,1886.6936031886237,835.0127599111786,835.0127599111786,-0.32975740722055297,-0.32975740722055297,-0.32975740722055297,0.24146540850862785,0.24146540850862785,0.24146540850862785,-0.5712228157291809,-0.5712228157291809,-0.5712228157291809,0.0,0.0,0.0,559.6611172067903
2016-11-16,842.5079815313082,-797.3999078481963,1825.6958770666772,842.5079815313082,842.5079815313082,-0.42826472789188574,-0.42826472789188574,-0.42826472789188574,0.021929523920599103,0.021929523920599103,0.021929523920599103,-0.45019425181248496,-0.45019425181248496,-0.45019425181248496,0.0,0.0,0.0,481.6915300740606
2016-11-20,852.5016103581478,-555.1011091800162,2097.9277780926136,852.5016103581478,852.5016103581478,-0.05194807796410547,-0.05194807796410547,-0.05194807796410547,0.24146540851157142,0.24146540851157142,0.24146540851157142,-0.2934134864756769,-0.2934134864756769,-0.2934134864756769,0.0,0.0,0.0,808.2157902387372
2016-11-21,855.0000175648578,-785.0668435789805,1885.2118775964998,855.0000175648578,855.0000175648578,-0.429001361309867,-0.429001361309867,-0.429001361309867,-0.16706289149739792,-0.16706289149739792,-0.16706289149739792,-0.26193846981246904,-0.26193846981246904,-0.26193846981246904,0.0,0.0,0.0,488.2038461095736
2016-11-22,857.4984247715678,-758.5003945249797,1967.5262620079407,857.4984247715678,857.4984247715678,-0.3320758151184807,-0.3320758151184807,-0.3320758151184807,-0.09667691878635476,-0.09667691878635476,-0.09667691878635476,-0.23539889633212588,-0.23539889633212588,-0.23539889633212588,0.0,0.0,0.0,572.7439364027362
2016-11-26,867.4920535984071,-321.72093980569264,2306.544544534542,867.4920535984071,867.4920535984071,0.288088744951376,0.288088744951376,0.288088744951376,0.4782131848436439,0.4782131848436439,0.4782131848436439,-0.1901244398922681,-0.1901244398922681,-0.1901244398922681,0.0,0.0,0.0,1117.406750574864
2016-11-28,872.4888571241278,-905.7002727391408,1859.0038600006174,872.4888571241278,872.4888571241278,-0.3734851495332041,-0.3734851495332041,-0.3734851495332041,-0.16706289150205889,-0.16706289150205889,-0.16706289150205889,-0.20642225803114525,-0.20642225803114525,-0.20642225803114525,0.0,0.0,0.0,546.6272258550686
2016-11-29,874.9872588869881,-653.8027800098118,1875.535874786789,874.9872588869881,874.9872588869881,-0.3199883364685431,-0.3199883364685431,-0.3199883364685431,-0.09667691878702211,-0.09667691878702211,-0.09667691878702211,-0.223311417681521,-0.223311417681521,-0.223311417681521,0.0,0.0,0.0,595.0015414845703
2016-12-05,889.9776694641498,-993.0775631513621,1748.3141160144196,889.9776694641498,889.9776694641498,-0.5521314472585378,-0.5521314472585378,-0.5521314472585378,-0.16706289150049128,-0.16706289150049128,-0.16706289150049128,-0.3850685557580464,-0.3850685557580464,-0.3850685557580464,0.0,0.0,0.0,398.5930107951282
2016-12-07,894.9744729898703,-814.948536178435,1917.7798896546421,894.9744729898703,894.9744729898703,-0.40718614013329424,-0.40718614013329424,-0.40718614013329424,0.021929523916451976,0.021929523916451976,0.021929523916451976,-0.42911566404974627,-0.42911566404974627,-0.42911566404974627,0.0,0.0,0.0,530.5532718152958
2016-12-10,902.4696782784513,-382.63935928206155,2195.6421722995724,902.4696782784513,902.4696782784513,0.03165548707752058,0.03165548707752058,0.03165548707752058,0.47821318484549274,0.47821318484549274,0.47821318484549274,-0.4465576977679722,-0.4465576977679722,-0.4465576977679722,0.0,0.0,0.0,931.037795517049
2016-12-12,907.466481804172,-888.0765244455492,1634.1262166145416,907.466481804172,907.466481804172,-0.5807023793202799,-0.5807023793202799,-0.5807023793202799,-0.16706289149892356,-0.16706289149892356,-0.16706289149892356,-0.4136394878213563,-0.4136394878213563,-0.4136394878213563,0.0,0.0,0.0,380.49853666708583
2016-12-19,924.955294144194,-655.0315700475597,2131.4814922768396,924.955294144194,924.955294144194,-0.18171534597534855,-0.18171534597534855,-0.18171534597534855,-0.16706289149735593,-0.16706289149735593,-0.16706289149735593,-0.01465245447799264,-0.01465245447799264,-0.01465245447799264,0.0,0.0,0.0,756.8767228570515
2016-12-20,927.4536959070543,-407.61268850578284,2309.7631312190756,927.4536959070543,927.4536959070543,-0.03283317762642357,-0.03283317762642357,-0.03283317762642357,-0.09667691879011986,-0.09667691879011986,-0.09667691879011986,0.06384374116369626,0.06384374116369626,0.06384374116369626,0.0,0.0,0.0,897.002443969055
2016-12-21,929.9520976699147,-316.3456526058885,2473.0808983070297,929.9520976699147,929.9520976699147,0.16376896740148156,0.16376896740148156,0.16376896740148156,0.0219295239184234,0.0219295239184234,0.0219295239184234,0.141839443483058,0.141839443483058,0.141839443483058,0.0,0.0,0.0,1082.2493924381583
2016-12-24,937.4473029584955,414.37412189591146,3050.7519818647197,937.4473029584955,937.4473029584955,0.8254095856586398,0.8254095856586398,0.8254095856586398,0.4782131848428358,0.4782131848428358,0.4782131848428358,0.34719640081580405,0.34719640081580405,0.34719640081580405,0.0,0.0,0.0,1711.2252928702767
2016-12-25,939.9456996840581,137.8154629137449,2909.2071654734555,939.9456996840581,939.9456996840581,0.6388573619326344,0.6388573619326344,0.6388573619326344,0.2414654085065518,0.2414654085065518,0.2414654085065518,0.3973919534260828,0.3973919534260828,0.3973919534260828,0.0,0.0,0.0,1540.4369297441397
2016-12-27,944.9424931351831,-77.91583950371844,2675.337917307574,944.9424931351832,944.9424931351832,0.3590132568034517,0.3590132568034517,0.3590132568034517,-0.09667691878671825,-0.09667691878671825,-0.09667691878671825,0.45569017559017,0.45569017559017,0.45569017559017,0.0,0.0,0.0,1284.1893750876184
2017-01-04,964.9296669396836,-413.1898822576748,2282.43737582559,964.9296669396836,964.9296669396836,-0.042715995444227106,-0.042715995444227106,-0.042715995444227106,0.02192952391817915,0.02192952391817915,0.02192952391817915,-0.06464551936240628,-0.06464551936240628,-0.06464551936240628,0.0,0.0,0.0,923.7117356826884
2017-01-09,977.4216505674963,-1416.830821562379,1311.959748685491,977.4216505674963,977.4216505674963,-1.03882836205265,-1.03882836205265,-1.03882836205265,-0.16706289149998685,-0.16706289149998685,-0.16706289149998685,-0.871765470552663,-0.871765470552663,-0.871765470552663,0.0,0.0,0.0,-37.95168172633345
2017-01-10,979.9200472930589,-1433.9259993602661,1246.7426454840836,979.9200472930589,979.9200472930589,-1.131363494808357,-1.131363494808357,-1.131363494808357,-0.0966769187842032,-0.0966769187842032,-0.0966769187842032,-1.0346865760241537,-1.0346865760241537,-1.0346865760241537,0.0,0.0,0.0,-128.72572204518676
2017-01-11,982.4184440186215,-1474.5197760903707,1155.9791877867738,982.4184440186215,982.4184440186215,-1.1650839311589996,-1.1650839311589996,-1.1650839311589996,0.02192952392027292,0.02192952392027292,0.02192952392027292,-1.1870134550792726,-1.1870134550792726,-1.1870134550792726,0.0,0.0,0.0,-162.18149878170155
2017-01-30,1029.8879818043104,2115.715716596775,4709.356120382008,1029.8879818043104,1029.8879818043104,2.2657826151495386,2.2657826151495386,2.2657826151495386,-0.16706289149638912,-0.16706289149638912,-0.16706289149638912,2.432845506645928,2.432845506645928,2.432845506645928,0.0,0.0,0.0,3363.390266527961
2017-02-09,1054.8719490599358,4831.089992955003,7408.379106002447,1054.8719490599358,1054.8719490599358,4.8264921617856675,4.8264921617856675,4.8264921617856675,-1.610589933384226,-1.610589933384226,-1.610589933384226,6.437082095169893,6.437082095169893,6.437082095169893,0.0,0.0,0.0,6146.203142885286
2017-02-10,1057.370345785498,7931.071544968917,10587.374204175561,1057.370345785498,1057.370345785498,7.718683499354664,7.718683499354664,7.718683499354664,1.1327216263977686,1.1327216263977686,1.1327216263977686,6.5859618729568945,6.5859618729568945,6.5859618729568945,0.0,0.0,0.0,9218.877386506958
2017-03-01,1015.8656610392519,-160.97060246516068,2521.227459848566,1015.8656610392519,1015.8656610392519,0.08394397122884822,0.08394397122884822,0.08394397122884822,0.02192952392006886,0.02192952392006886,0.02192952392006886,0.06201444730877925,0.06201444730877925,0.06201444730877925,0.0,0.0,0.0,1101.1414588619057
2017-03-03,1011.4967468554363,71.91229134278072,2762.241946693591,1011.4967468554363,1011.4967468554363,0.3996409112900338,0.3996409112900338,0.3996409112900338,1.1327216263984776,1.1327216263984776,1.1327216263984776,-0.7330807151084437,-0.7330807151084437,-0.7330807151084437,0.0,0.0,0.0,1415.7322285356477
2017-03-04,1009.3122897635286,-1028.788691488208,1786.3028758649973,1009.3122897635286,1009.3122897635286,-0.5871721670776819,-0.5871721670776819,-0.5871721670776819,0.47821318484418374,0.47821318484418374,0.47821318484418374,-1.065385351921866,-1.065385351921866,-1.065385351921866,0.0,0.0,0.0,416.67220532494025
2017-03-08,1000.574461395898,-2119.4795200266153,551.5147865490579,1000.574461395898,1000.574461395898,-1.8749093345979673,-1.8749093345979673,-1.8749093345979673,0.021929523916948357,0.021929523916948357,0.021929523916948357,-1.8968388585149158,-1.8968388585149158,-1.8968388585149158,0.0,0.0,0.0,-875.4119362356046
2017-03-20,974.3609762930057,-1098.185190552587,1584.0461342493481,974.3609762930057,974.3609762930057,-0.7261518097298763,-0.7261518097298763,-0.7261518097298763,-0.16706289149787276,-0.16706289149787276,-0.16706289149787276,-0.5590889182320036,-0.5590889182320036,-0.5590889182320036,0.0,0.0,0.0,266.82699002767055
2017-03-25,963.4386908334671,426.1235372201541,3043.4611660130463,963.4386908334671,963.4386908334671,0.7942879764059636,0.7942879764059636,0.7942879764059636,0.47821318484300923,0.47821318484300923,0.47821318484300923,0.3160747915629545,0.3160747915629545,0.3160747915629545,0.0,0.0,0.0,1728.6864589667925
2017-03-29,954.7008624658365,195.97997583470368,2902.405704723275,954.7008624658365,954.7008624658365,0.6414421334621571,0.6414421334621571,0.6414421334621571,0.021929523918797766,0.021929523918797766,0.021929523918797766,0.6195126095433593,0.6195126095433593,0.6195126095433593,0.0,0.0,0.0,1567.086220504084
2017-04-06,937.2252057305747,-1793.0848227577371,959.7029869086799,937.2252057305747,937.2252057305747,-1.4834064147383201,-1.4834064147383201,-1.4834064147383201,-1.6105899333828266,-1.6105899333828266,-1.6105899333828266,0.1271835186445066,0.1271835186445066,0.1271835186445066,0.0,0.0,0.0,-453.0606765046016
2017-04-09,930.6718344548517,-463.5957859797766,2274.9002843477956,930.6718344548517,930.6718344548517,0.00015546032340427174,0.00015546032340427174,0.00015546032340427174,0.24146540850844864,0.24146540850844864,0.24146540850844864,-0.24130994818504437,-0.24130994818504437,-0.24130994818504437,0.0,0.0,0.0,930.8165169992192
2017-04-24,897.9049824263625,-1555.6512438234251,1245.788012828643,897.9049824263625,897.9049824263625,-1.0863421263892552,-1.0863421263892552,-1.0863421263892552,-0.1670628914984737,-0.1670628914984737,-0.1670628914984737,-0.9192792348907814,-0.9192792348907814,-0.9192792348907814,0.0,0.0,0.0,-77.52702547819896
2017-04-28,889.1671552187654,-115.41480928111514,2511.2276267262505,889.1671552187654,889.1671552187654,0.36835236071141464,0.36835236071141464,0.36835236071141464,1.13272162639542,1.13272162639542,1.13272162639542,-0.7643692656840054,-0.7643692656840054,-0.7643692656840054,0.0,0.0,0.0,1216.6939759106506
2017-05-09,865.1381303978732,-1083.3451991333454,1644.0988213320952,865.1381303978732,865.1381303978732,-0.6505843305631173,-0.6505843305631173,-0.6505843305631173,-0.09667691878816187,-0.09667691878816187,-0.09667691878816187,-0.5539074117749554,-0.5539074117749554,-0.5539074117749554,0.0,0.0,0.0,302.292818988346
2017-05-11,860.7692167940751,-2330.561503399149,320.57869040418166,860.7692167940751,860.7692167940751,-2.1773214493906607,-2.1773214493906607,-2.1773214493906607,-1.6105899333845715,-1.6105899333845715,-1.6105899333845715,-0.5667315160060891,-0.5667315160060891,-0.5667315160060891,0.0,0.0,0.0,-1013.4020619068643
2017-05-12,858.5847599921755,21.535714211592932,2762.0151089770193,858.5847599921755,858.5847599921755,0.5574884003437686,0.5574884003437686,0.5574884003437686,1.1327216263969824,1.1327216263969824,1.1327216263969824,-0.5752332260532139,-0.5752332260532139,-0.5752332260532139,0.0,0.0,0.0,1337.2358043997517
2017-05-23,834.5557351712833,-1086.3425127187852,1623.0609517551454,834.5557351712833,834.5557351712833,-0.6768974617121056,-0.6768974617121056,-0.6768974617121056,-0.09667691878586582,-0.09667691878586582,-0.09667691878586582,-0.5802205429262397,-0.5802205429262397,-0.5802205429262397,0.0,0.0,0.0,269.6470763765614
2017-05-26,828.0023647655855,-153.24209015854635,2530.6792660283354,828.0023647655855,828.0023647655855,0.5837957519829947,0.5837957519829947,0.5837957519829947,1.1327216263955258,1.1327216263955258,1.1327216263955258,-0.5489258744125309,-0.5489258744125309,-0.5489258744125309,0.0,0.0,0.0,1311.3866279476085
2017-05-28,823.6334511617869,-728.4681983873384,1913.5294745782476,823.6334511617869,823.6334511617869,-0.2918559049096165,-0.2918559049096165,-0.2918559049096165,0.2414654085065345,0.2414654085065345,0.2414654085065345,-0.533321313416151,-0.533321313416151,-0.533321313416151,0.0,0.0,0.0,583.2511649591331
2017-05-30,819.2645375579887,-1066.22392638822,1754.8515093871279,819.2645375579887,819.2645375579887,-0.6253233752235385,-0.6253233752235385,-0.6253233752235385,-0.09667691878246426,-0.09667691878246426,-0.09667691878246426,-0.5286464564410741,-0.5286464564410741,-0.5286464564410741,0.0,0.0,0.0,306.95927173127575
2017-06-05,806.1577959009383,-1067.8298431421736,1445.8771768368258,806.1577959009383,806.1577959009383,-0.7820075519815314,-0.7820075519815314,-0.7820075519815314,-0.16706289150152498,-0.16706289150152498,-0.16706289150152498,-0.6149446604800063,-0.6149446604800063,-0.6149446604800063,0.0,0.0,0.0,175.7363114176185
2017-06-06,803.9733389580965,-1186.8794505484261,1567.0831987171857,803.9733389580965,803.9733389580965,-0.740855136999736,-0.740855136999736,-0.740855136999736,-0.09667691878785784,-0.09667691878785784,-0.09667691878785784,-0.6441782182118785,-0.6441782182118785,-0.6441782182118785,0.0,0.0,0.0,208.3455607801607
2017-06-09,797.4199681295714,-187.8538899252647,2466.855731945048,797.4199681295714,797.4199681295714,0.3852052531376732,0.3852052531376732,0.3852052531376732,1.1327216263984727,1.1327216263984727,1.1327216263984727,-0.7475163732607993,-0.7475163732607993,-0.7475163732607993,0.0,0.0,0.0,1104.5903288099582
2017-06-13,788.6821403582046,-1324.3210137893464,1388.8447759486971,788.6821403582046,788.6821403582046,-0.9825287240536182,-0.9825287240536182,-0.9825287240536182,-0.09667691878445633,-0.09667691878445633,-0.09667691878445633,-0.885851805269162,-0.885851805269162,-0.885851805269162,0.0,0.0,0.0,13.779283308181183
2017-06-20,773.3909417583124,-1364.8790161059626,1318.0069534871818,773.3909417583124,773.3909417583124,-1.0448618254835689,-1.0448618254835689,-1.0448618254835689,-0.09667691878534279,-0.09667691878534279,-0.09667691878534279,-0.9481849066982261,-0.9481849066982261,-0.9481849066982261,0.0,0.0,0.0,-34.69572945973439
2017-06-24,764.6531139869455,-794.2416747012617,1950.2797485352667,764.6531139869455,764.6531139869455,-0.3483505066645755,-0.3483505066645755,-0.3483505066645755,0.4782131848431827,0.4782131848431827,0.4782131848431827,-0.8265636915077581,-0.8265636915077581,-0.8265636915077581,0.0,0.0,0.0,498.2858143069476
2017-06-26,760.284200101262,-1281.6749472144347,1398.3488909219093,760.284200101262,760.284200101262,-0.8993199274802488,-0.8993199274802488,-0.8993199274802488,-0.1670628914968221,-0.1670628914968221,-0.1670628914968221,-0.7322570359834268,-0.7322570359834268,-0.7322570359834268,0.0,0.0,0.0,76.54546840181608
2017-06-28,755.9152862155786,-1016.6524263672164,1674.2282238649027,755.9152862155786,755.9152862155786,-0.6056460062438973,-0.6056460062438973,-0.6056460062438973,0.02192952391929448,0.02192952391929448,0.02192952391929448,-0.6275755301631918,-0.6275755301631918,-0.6275755301631918,0.0,0.0,0.0,298.09821206040084
2017-06-30,751.5463723298953,-124.22113476412727,2675.141673986963,751.5463723298953,751.5463723298953,0.608767825430395,0.608767825430395,0.608767825430395,1.1327216263991815,1.1327216263991815,1.1327216263991815,-0.5239538009687867,-0.5239538009687867,-0.5239538009687867,0.0,0.0,0.0,1209.0636231232677
2017-07-03,744.993001209105,-1061.1451240491167,1620.8441761100694,744.9930012091052,744.9930012091052,-0.5633065178460359,-0.5633065178460359,-0.5633065178460359,-0.16706289149635972,-0.16706289149635972,-0.16706289149635972,-0.39624362634967625,-0.39624362634967625,-0.39624362634967625,0.0,0.0,0.0,325.33358787833646
2017-07-14,720.9639737662068,-154.6949199226379,2474.142733378322,720.9639737662069,720.9639737662069,0.5844161290192943,0.5844161290192943,0.5844161290192943,1.132721626394706,1.132721626394706,1.132721626394706,-0.5483054973754117,-0.5483054973754117,-0.5483054973754117,0.0,0.0,0.0,1142.3069484770215
2017-07-18,712.2261456051529,-1203.4288095151974,1519.9071118208128,712.2261456051529,712.2261456051529,-0.8694059636983706,-0.8694059636983706,-0.8694059636983706,-0.09667691878932677,-0.09667691878932677,-0.09667691878932677,-0.7727290449090438,-0.7727290449090438,-0.7727290449090438,0.0,0.0,0.0,93.01248711412889
2017-07-22,703.4883174440993,-865.9206505607746,1712.958857209807,703.4883174440993,703.4883174440993,-0.45421737084962904,-0.45421737084962904,-0.45421737084962904,0.4782131848423745,0.4782131848423745,0.4782131848423745,-0.9324305556920036,-0.9324305556920036,-0.9324305556920036,0.0,0.0,0.0,383.9517034712112
2017-07-23,701.3038604038356,-1251.165207493972,1496.4926729119577,701.3038604038356,701.3038604038356,-0.7077701287638952,-0.7077701287638952,-0.7077701287638952,0.24146540850562082,0.24146540850562082,0.24146540850562082,-0.9492355372695159,-0.9492355372695159,-0.9492355372695159,0.0,0.0,0.0,204.9419368231961
2017-07-31,683.828204081728,-1201.8801891311587,1506.2661086433936,683.828204081728,683.828204081728,-0.7920188116519731,-0.7920188116519731,-0.7920188116519731,-0.16706289149742296,-0.16706289149742296,-0.16706289149742296,-0.6249559201545501,-0.6249559201545501,-0.6249559201545501,0.0,0.0,0.0,142.22340251081488
2017-08-03,677.2748329609377,-1960.2534943168378,787.9488580139064,677.2748329609377,677.2748329609377,-1.9347121027327787,-1.9347121027327787,-1.9347121027327787,-1.6105899333852107,-1.6105899333852107,-1.6105899333852107,-0.32412216934756777,-0.32412216934756777,-0.32412216934756777,0.0,0.0,0.0,-633.0569832449096
2017-08-04,675.0903759206743,-131.28008762101163,2717.0312003157355,675.0903759206743,675.0903759206743,0.9189036608598613,0.9189036608598613,0.9189036608598613,1.1327216263940305,1.1327216263940305,1.1327216263940305,-0.21381796553416918,-0.21381796553416918,-0.21381796553416918,0.0,0.0,0.0,1295.433393765442
2017-08-07,668.5370047998834,-744.3317181905688,1898.2996636848934,668.5370047998834,668.5370047998834,-0.050963252845287854,-0.050963252845287854,-0.050963252845287854,-0.16706289150097858,-0.16706289150097858,-0.16706289150097858,0.11609963865569073,0.11609963865569073,0.11609963865569073,0.0,0.0,0.0,634.4661843878355
2017-08-09,664.1680907193568,-454.3070745207536,2233.6251028845923,664.1680907193568,664.1680907193568,0.33428777978153956,0.33428777978153956,0.33428777978153956,0.02192952391999481,0.02192952391999481,0.02192952391999481,0.31235825586154475,0.31235825586154475,0.31235825586154475,0.0,0.0,0.0,886.1913671676747
2017-08-12,657.6147194624091,29.87874300430849,2654.102413021529,657.6147194624091,657.6147194624091,1.008662337283567,1.008662337283567,1.008662337283567,0.4782131848445904,0.4782131848445904,0.4782131848445904,0.5304491524389765,0.5304491524389765,0.5304491524389765,0.0,0.0,0.0,1320.9259194274398
2017-08-20,640.1390627772157,-324.64105008918676,2396.591692623264,640.1390627772157,640.1390627772157,0.7189058351673627,0.7189058351673627,0.7189058351673627,0.24146540850905018,0.24146540850905018,0.24146540850905018,0.47744042665831243,0.47744042665831243,0.47744042665831243,0.0,0.0,0.0,1100.338770326323
2017-08-23,633.5856915202683,-606.0134222094156,2073.9813842355384,633.5856915202683,633.5856915202683,0.271487660688684,0.271487660688684,0.271487660688684,0.02192952391975056,0.02192952391975056,0.02192952391975056,0.2495581367689335,0.2495581367689335,0.2495581367689335,0.0,0.0,0.0,805.596388756928
2017-08-26,627.0323202633203,-433.3206693802764,2215.2569967282857,627.0323202633203,627.0323202633203,0.4557516315871763,0.4557516315871763,0.4557516315871763,0.4782131848464391,0.4782131848464391,0.4782131848464391,-0.02246155325926283,-0.02246155325926283,-0.02246155325926283,0.0,0.0,0.0,912.8033232812215
2017-08-29,620.4789490063729,-839.9483750444506,1764.0258538318838,620.4789490063729,620.4789490063729,-0.3749363933544434,-0.3749363933544434,-0.3749363933544434,-0.09667691878221979,-0.09667691878221979,-0.09667691878221979,-0.2782594745722236,-0.2782594745722236,-0.2782594745722236,0.0,0.0,0.0,387.83880971356785
2017-09-04,607.3722064924777,-1232.785983138122,1487.6416296001685,607.3722064924777,607.3722064924777,-0.7103008714051228,-0.7103008714051228,-0.7103008714051228,-0.1670628915009366,-0.1670628915009366,-0.1670628915009366,-0.5432379799041862,-0.5432379799041862,-0.5432379799041862,0.0,0.0,0.0,175.95519895361863
2017-09-05,605.1877494068289,-1155.5628862249725,1580.0691250451073,605.1877494068289,605.1877494068289,-0.6401369411869596,-0.6401369411869596,-0.6401369411869596,-0.09667691878761342,-0.09667691878761342,-0.09667691878761342,-0.5434600223993462,-0.5434600223993462,-0.5434600223993462,0.0,0.0,0.0,217.7847146577212
2017-09-12,589.8965498072843,-793.8723887093859,1825.23353921824,589.8965498072843,589.8965498072843,-0.3307279824669647,-0.3307279824669647,-0.3307279824669647,-0.09667691878421186,-0.09667691878421186,-0.09667691878421186,-0.23405106368275286,-0.23405106368275286,-0.23405106368275286,0.0,0.0,0.0,394.8012540252978
2017-09-13,587.7120927216351,-910.6293209061087,1854.4366156566198,587.7120927216351,587.7120927216351,-0.13935881851086152,-0.13935881851086152,-0.13935881851086152,0.021929523917819105,0.021929523917819105,0.021929523917819105,-0.16128834242868073,-0.16128834242868073,-0.16128834242868073,0.0,0.0,0.0,505.8092298554022
2017-09-25,561.7990358195266,-621.8147075551209,1966.2946040762981,561.7990358195266,561.7990358195266,0.255884773952248,0.255884773952248,0.255884773952248,-0.16706289149733894,-0.16706289149733894,-0.16706289149733894,0.42294766544958695,0.42294766544958695,0.42294766544958695,0.0,0.0,0.0,705.554855106797
2017-10-09,531.5671361003998,-872.8403870713615,1701.175605586784,531.5671361003998,531.5671361003998,-0.3022308588006345,-0.3022308588006345,-0.3022308588006345,-0.16706289149530884,-0.16706289149530884,-0.16706289149530884,-0.13516796730532563,-0.13516796730532563,-0.13516796730532563,0.0,0.0,0.0,370.9111440465822
2017-10-11,527.2482932833816,-923.8553765819101,1720.3353891222052,527.2482932833816,527.2482932833816,-0.20020017530860734,-0.20020017530860734,-0.20020017530860734,0.0219295239195465,0.0219295239195465,0.0219295239195465,-0.22212969922815384,-0.22212969922815384,-0.22212969922815384,0.0,0.0,0.0,421.6930925368846
2017-10-13,522.9294504663635,-303.7056476658291,2261.7341401217254,522.9294504663635,522.9294504663635,0.8368191527167688,0.8368191527167688,0.8368191527167688,1.1327216263969386,1.1327216263969386,1.1327216263969386,-0.29590247368016986,-0.29590247368016986,-0.29590247368016986,0.0,0.0,0.0,960.5268301362713
2017-10-14,520.7700290578548,-769.9492394996518,1888.5279060655369,520.7700290578548,520.7700290578548,0.15035400259745357,0.15035400259745357,0.15035400259745357,0.4782131848455715,0.4782131848455715,0.4782131848455715,-0.32785918224811794,-0.32785918224811794,-0.32785918224811794,0.0,0.0,0.0,599.0698873594954
2017-10-15,518.6106076493455,-926.1527955471433,1876.7033782690037,518.6106076493455,518.6106076493455,-0.11532538513814372,-0.11532538513814372,-0.11532538513814372,0.24146540850341175,0.24146540850341175,0.24146540850341175,-0.35679079364155547,-0.35679079364155547,-0.35679079364155547,0.0,0.0,0.0,458.801639585458
2017-10-17,514.2917648323271,-991.8466423137351,1642.6154625573315,514.2917648323271,514.2917648323271,-0.503610396966103,-0.503610396966103,-0.503610396966103,-0.09667691878930157,-0.09667691878930157,-0.09667691878930157,-0.40693347817680126,-0.40693347817680126,-0.40693347817680126,0.0,0.0,0.0,255.28908498872116
2017-10-20,507.8135006068003,-552.9887440399732,2196.800598292011,507.8135006068003,507.8135006068003,0.6634571805387564,0.6634571805387564,0.6634571805387564,1.1327216263947009,1.1327216263947009,1.1327216263947009,-0.4692644458559445,-0.4692644458559445,-0.4692644458559445,0.0,0.0,0.0,844.726013958904
2017-10-21,505.654079198291,-804.6437107021627,1929.2245875324259,505.654079198291,505.654079198291,-0.010166928219344895,-0.010166928219344895,-0.010166928219344895,0.4782131848425479,0.4782131848425479,0.4782131848425479,-0.4883801130618929,-0.4883801130618929,-0.4883801130618929,0.0,0.0,0.0,500.5131304712631
2017-11-02,479.7410821469165,-1974.6431688568891,668.5750604043071,479.7410821469165,479.7410821469165,-2.3229159444381384,-2.3229159444381384,-2.3229159444381384,-1.6105899333828182,-1.6105899333828182,-1.6105899333828182,-0.7123260110553201,-0.7123260110553201,-0.7123260110553201,0.0,0.0,0.0,-634.6571267741625
2017-11-03,477.5816657259682,-634.0731597318387,1980.0608438215504,477.58166572596815,477.58166572596815,0.409971290153316,0.409971290153316,0.409971290153316,1.132721626393244,1.132721626393244,1.132721626393244,-0.7227503362399281,-0.7227503362399281,-0.7227503362399281,0.0,0.0,0.0,673.3764373772132
2017-11-09,464.62516720028094,-1948.4414782658623,690.4692875254202,464.62516720028094,464.62516720028094,-2.3056506524739726,-2.3056506524739726,-2.3056506524739726,-1.6105899333829985,-1.6105899333829985,-1.6105899333829985,-0.695060719090974,-0.695060719090974,-0.695060719090974,0.0,0.0,0.0,-606.6381527108754
2017-11-11,460.3063343583853,-918.1200404910132,1701.4302537661806,460.3063343583853,460.3063343583853,-0.16820916629877547,-0.16820916629877547,-0.16820916629877547,0.47821318484476355,0.47821318484476355,0.47821318484476355,-0.646422351143539,-0.646422351143539,-0.646422351143539,0.0,0.0,0.0,382.87858961391595
2017-11-17,447.3498358326976,-659.9204353971469,2073.4914434708026,447.3498358326976,447.3498358326976,0.7139187868764774,0.7139187868764774,0.7139187868764774,1.132721626396191,1.132721626396191,1.132721626396191,-0.4188028395197136,-0.4188028395197136,-0.4188028395197136,0.0,0.0,0.0,766.7212879397683
2017-11-19,443.0310029908015,-912.7728681140293,1775.6840152658988,443.0310029908015,443.0310029908015,-0.09692067316888475,-0.09692067316888475,-0.09692067316888475,0.24146540850589843,0.24146540850589843,0.24146540850589843,-0.3383860816747832,-0.3383860816747832,-0.3383860816747832,0.0,0.0,0.0,400.0921399462468
2017-11-20,440.8715865698542,-1186.126504178904,1483.7541050645032,440.8715865698542,440.8715865698542,-0.46901885817848354,-0.46901885817848354,-0.46901885817848354,-0.1670628914943422,-0.1670628914943422,-0.1670628914943422,-0.3019559666841414,-0.3019559666841414,-0.3019559666841414,0.0,0.0,0.0,234.0944984335247
2017-11-21,438.7121701489059,-1032.607631047804,1648.2712926128092,438.7121701489059,438.7121701489059,-0.3660526370213547,-0.3660526370213547,-0.3660526370213547,-0.09667691878537688,-0.09667691878537688,-0.09667691878537688,-0.26937571823597783,-0.26937571823597783,-0.26937571823597783,0.0,0.0,0.0,278.12042337253763
2017-11-22,436.5527537279581,-958.9036592125863,1796.9523150849864,436.552753727958,436.552753727958,-0.21959988053118518,-0.21959988053118518,-0.21959988053118518,0.021929523917248672,0.021929523917248672,0.021929523917248672,-0.2415294044484339,-0.2415294044484339,-0.2415294044484339,0.0,0.0,0.0,340.6858211637386
2017-11-24,432.6648769909017,-464.7868709767198,2178.454711990167,432.6648769909017,432.6648769909017,0.9298435940823329,0.9298435940823329,0.9298435940823329,1.1327216263983568,1.1327216263983568,1.1327216263983568,-0.20287803231602397,-0.20287803231602397,-0.20287803231602397,0.0,0.0,0.0,834.9755412453121
2017-11-25,430.72093862237324,-774.9654529075161,1914.0369195057788,430.72093862237324,430.72093862237324,0.2851586165652982,0.2851586165652982,0.2851586165652982,0.47821318484661246,0.47821318484661246,0.47821318484661246,-0.19305456828131415,-0.19305456828131415,-0.19305456828131415,0.0,0.0,0.0,553.5447256056359
2017-11-27,426.83306188531657,-1041.577898848127,1591.7956491815776,426.83306188531657,426.83306188531657,-0.36036978064864256,-0.36036978064864256,-0.36036978064864256,-0.16706289149789785,-0.16706289149789785,-0.16706289149789785,-0.1933068891507447,-0.1933068891507447,-0.1933068891507447,0.0,0.0,0.0,273.01532500011655
2017-11-29,422.9451851482602,-1055.9069982100784,1669.9942937623932,422.9451851482602,422.9451851482602,-0.19667159637157927,-0.19667159637157927,-0.19667159637157927,0.021929523917126548,0.021929523917126548,0.021929523917126548,-0.21860112028870585,-0.21860112028870585,-0.21860112028870585,0.0,0.0,0.0,339.76388040747867
2017-12-06,409.3376165685617,-1086.2536902438264,1616.6837049352164,409.3376165685617,409.3376165685617,-0.3818084820602443,-0.3818084820602443,-0.3818084820602443,0.021929523919220317,0.021929523919220317,0.021929523919220317,-0.40373800597946446,-0.40373800597946446,-0.40373800597946446,0.0,0.0,0.0,253.04904253636084
2017-12-08,405.4497398315051,-657.4898158369508,2052.086830514233,405.4497398315051,405.4497398315051,0.6927983951304615,0.6927983951304615,0.6927983951304615,1.1327216263969,1.1327216263969,1.1327216263969,-0.4399232312664385,-0.4399232312664385,-0.4399232312664385,0.0,0.0,0.0,686.344668892835
2017-12-12,397.67398635739204,-1146.6744753669172,1589.3719346643134,397.67398635739204,397.67398635739204,-0.5165966654564651,-0.5165966654564651,-0.5165966654564651,-0.09667691878847451,-0.09667691878847451,-0.09667691878847451,-0.41991974666799065,-0.41991974666799065,-0.41991974666799065,0.0,0.0,0.0,192.2369310663835
2017-12-13,395.7300479888638,-1027.1774444195596,1611.5674477962848,395.7300479888638,395.7300479888638,-0.3690934202596462,-0.3690934202596462,-0.3690934202596462,0.02192952391831582,0.02192952391831582,0.02192952391831582,-0.39102294417796196,-0.39102294417796196,-0.39102294417796196,0.0,0.0,0.0,249.66869107714015
2017-12-17,387.9542945147505,-845.6545904360734,1748.5469209763057,387.9542945147505,387.9542945147505,0.06021938197844176,0.06021938197844176,0.06021938197844176,0.24146540850932788,0.24146540850932788,0.24146540850932788,-0.18124602653088612,-0.18124602653088612,-0.18124602653088612,0.0,0.0,0.0,411.3166623663111
2017-12-23,378.12992287663883,-529.4335013496176,1949.8160324195082,378.12992287663883,378.12992287663883,0.7476974064690987,0.7476974064690987,0.7476974064690987,0.4782131848458044,0.4782131848458044,0.4782131848458044,0.26948422162329416,0.26948422162329416,0.26948422162329416,0.0,0.0,0.0,660.856685519862
2018-01-08,351.9315985083401,-1234.9426142844998,1399.648861516332,351.9315985083401,351.9315985083401,-0.8279264006641819,-0.8279264006641819,-0.8279264006641819,-0.16706289149582576,-0.16706289149582576,-0.16706289149582576,-0.6608635091683561,-0.6608635091683561,-0.6608635091683561,0.0,0.0,0.0,60.558136875338114
2018-01-12,345.3820174162654,-1003.8941865324397,1672.7398758120846,345.3820174162654,345.3820174162654,-0.1584925494319288,-0.1584925494319288,-0.1584925494319288,1.1327216263991713,1.1327216263991713,1.1327216263991713,-1.2912141758311004,-1.2912141758311004,-1.2912141758311004,0.0,0.0,0.0,290.64154094801864
2018-01-15,340.4698315972096,-1562.2109458207826,1071.409769812467,340.4698315972096,340.4698315972096,-1.7438209364058606,-1.7438209364058606,-1.7438209364058606,-0.1670628914993815,-0.1670628914993815,-0.1670628914993815,-1.5767580449064789,-1.5767580449064789,-1.5767580449064789,0.0,0.0,0.0,-253.24858895658207
2018-01-21,330.64545995909765,-1267.5354695935468,1320.5322262091331,330.64545995909765,330.64545995909765,-0.9107004903804623,-0.9107004903804623,-0.9107004903804623,0.24146540850708986,0.24146540850708986,0.24146540850708986,-1.152165898887552,-1.152165898887552,-1.152165898887552,0.0,0.0,0.0,29.526477432273907
2018-01-30,315.9089025019297,-269.4349786862305,2345.615724823884,315.9089025019297,315.9089025019297,2.210580352051416,2.210580352051416,2.210580352051416,-0.09667691878654183,-0.09667691878654183,-0.09667691878654183,2.3072572708379577,2.3072572708379577,2.3072572708379577,0.0,0.0,0.0,1014.2509154108218
2018-02-09,299.5349497717431,1235.4031951748143,3905.148580421285,299.5349497717431,299.5349497717431,7.522701715147506,7.522701715147506,7.522701715147506,1.1327216263946236,1.1327216263946236,1.1327216263946236,6.389980088752882,6.389980088752882,6.389980088752882,0.0,0.0,0.0,2552.8470301662564
2018-02-12,294.62276395268725,875.0362784048968,3646.3146916126193,294.62276395268725,294.62276395268725,6.521366734463896,6.521366734463896,6.521366734463896,-0.16706289150044482,-0.16706289150044482,-0.16706289150044482,6.688429625964342,6.688429625964342,6.688429625964342,0.0,0.0,0.0,2215.965856009551
2018-02-17,286.43578758759395,701.9748245830621,3354.68107442103,286.43578758759395,286.43578758759395,6.345576792937029,6.345576792937029,6.345576792937029,0.47821318484530373,0.47821318484530373,0.47821318484530373,5.867363608091727,5.867363608091727,5.867363608091727,0.0,0.0,0.0,2104.0360739700704
2018-02-21,279.88620649551905,107.44029090490871,2793.310019382261,279.88620649551905,279.88620649551905,4.24911695312393,4.24911695312393,4.24911695312393,0.021929523917745164,0.021929523917745164,0.021929523917745164,4.227187429206185,4.227187429206185,4.227187429206185,0.0,0.0,0.0,1469.155431461174
2018-03-03,274.04618404657407,-1232.018190723727,1652.3639883297285,274.04618404657407,274.04618404657407,-0.1646280060259443,-0.1646280060259443,-0.1646280060259443,0.47821318484376224,0.47821318484376224,0.47821318484376224,-0.6428411908697065,-0.6428411908697065,-0.6428411908697065,0.0,0.0,0.0,228.93050720796762
2018-03-07,271.710175066996,-1507.0493059681062,1174.0084023568836,271.710175066996,271.710175066996,-1.7032156925685036,-1.7032156925685036,-1.7032156925685036,0.021929523917500915,0.021929523917500915,0.021929523917500915,-1.7251452164860046,-1.7251452164860046,-1.7251452164860046,0.0,0.0,0.0,-191.07085893764693
2018-03-08,271.1261728221015,-1903.9424523580285,661.2842624741402,271.1261728221015,271.1261728221015,-3.479494680439641,-3.479494680439641,-3.479494680439641,-1.6105899333840135,-1.6105899333840135,-1.6105899333840135,-1.8689047470556277,-1.8689047470556277,-1.8689047470556277,0.0,0.0,0.0,-672.2559032403594
2018-03-09,270.542170577207,-1297.0888011960824,1376.4989333235849,270.542170577207,270.542170577207,-0.829013804496957,-0.829013804496957,-0.829013804496957,1.1327216263961137,1.1327216263961137,1.1327216263961137,-1.961735430893071,-1.961735430893071,-1.961735430893071,0.0,0.0,0.0,46.25897647013191
2018-03-13,268.20616159762903,-1686.4959904648172,1145.285842697366,268.20616159762903,268.20616159762903,-1.9665290433912899,-1.9665290433912899,-1.9665290433912899,-0.09667691878822998,-0.09667691878822998,-0.09667691878822998,-1.8698521246030597,-1.8698521246030597,-1.8698521246030597,0.0,0.0,0.0,-259.2290448006061
2018-03-14,267.62215935273446,-1568.0444487229258,1156.935695294514,267.62215935273446,267.62215935273446,-1.7276555838739733,-1.7276555838739733,-1.7276555838739733,0.021929523916596194,0.021929523916596194,0.021929523916596194,-1.74958510779057,-1.74958510779057,-1.74958510779057,0.0,0.0,0.0,-194.73675862142753
2018-03-18,265.2861503731565,-1368.788421459073,1408.013990269639,265.2861503731565,265.2861503731565,-0.7902930943548214,-0.7902930943548214,-0.7902930943548214,0.2414654085100624,0.2414654085100624,0.2414654085100624,-1.031758502864884,-1.031758502864884,-1.031758502864884,0.0,0.0,0.0,55.632337705276186
2018-03-25,261.19813465889484,-946.1851606983748,1768.8450254236088,261.19813465889484,261.19813465889484,0.5250453105732459,0.5250453105732459,0.5250453105732459,0.24146540851300596,0.24146540851300596,0.24146540851300596,0.28357990206023986,0.28357990206023986,0.28357990206023986,0.0,0.0,0.0,398.33899039202674
2018-03-26,260.6141324140004,-1023.9363884979011,1637.7966667065682,260.6141324140004,260.6141324140004,0.2374153078916229,0.2374153078916229,0.2374153078916229,-0.16706289149837272,-0.16706289149837272,-0.16706289149837272,0.40447819938999563,0.40447819938999563,0.40447819938999563,0.0,0.0,0.0,322.48791690197845
2018-03-27,260.03013729995246,-954.7896054885429,1756.8053293531002,260.03013729995246,260.03013729995246,0.40357481350769203,0.40357481350769203,0.40357481350769203,-0.09667691878593404,-0.09667691878593404,-0.09667691878593404,0.5002517322936261,0.5002517322936261,0.5002517322936261,0.0,0.0,0.0,364.9717514671603
2018-04-04,255.3581763875686,-970.6634637875727,1703.9973213765388,255.3581763875686,255.3581763875686,0.3944640876258141,0.3944640876258141,0.3944640876258141,0.02192952392066161,0.02192952392066161,0.02192952392066161,0.3725345637051525,0.3725345637051525,0.3725345637051525,0.0,0.0,0.0,356.0878064540825
2018-04-12,250.68621547518495,-1725.4090620481422,930.0195457238793,250.68621547518495,250.68621547518495,-2.1673685391421955,-2.1673685391421955,-2.1673685391421955,-1.610589933383916,-1.610589933383916,-1.610589933383916,-0.5567786057582793,-0.5567786057582793,-0.5567786057582793,0.0,0.0,0.0,-292.6432011423523
2018-04-21,245.43025944875316,-1250.0489675824151,1524.170960327373,245.43025944875316,245.43025944875316,-0.5124118544256271,-0.5124118544256271,-0.5124118544256271,0.47821318484628506,0.47821318484628506,0.47821318484628506,-0.990625039271912,-0.990625039271912,-0.990625039271912,0.0,0.0,0.0,119.66888507245477
2018-04-23,244.26226922065715,-1419.0153503584745,1301.7343096325178,244.26226922065715,244.26226922065715,-1.1231931020052042,-1.1231931020052042,-1.1231931020052042,-0.16706289149833062,-0.16706289149833062,-0.16706289149833062,-0.9561302105068736,-0.9561302105068736,-0.9561302105068736,0.0,0.0,0.0,-30.091426648123058
2018-05-06,236.67033273803358,-1228.9968031546787,1483.875497014896,236.67033273803358,236.67033273803358,-0.3173565458364955,-0.3173565458364955,-0.3173565458364955,0.2414654085109299,0.2414654085109299,0.2414654085109299,-0.5588219543474254,-0.5588219543474254,-0.5588219543474254,0.0,0.0,0.0,161.5614534383172
2018-05-07,236.08633762398554,-1334.469124345501,1395.585660674992,236.08633762398554,236.08633762398554,-0.7198685556163851,-0.7198685556163851,-0.7198685556163851,-0.16706289149630071,-0.16706289149630071,-0.16706289149630071,-0.5528056641200845,-0.5528056641200845,-0.5528056641200845,0.0,0.0,0.0,66.13520675784484
2018-05-08,235.5023425099377,-1302.2523000392935,1427.7977347219442,235.5023425099377,235.5023425099377,-0.6477268030759794,-0.6477268030759794,-0.6477268030759794,-0.0966769187828958,-0.0966769187828958,-0.0966769187828958,-0.5510498842930835,-0.5510498842930835,-0.5510498842930835,0.0,0.0,0.0,82.96116307907143
2018-05-11,233.75035716779377,-983.7724135024299,1651.7911656601455,233.75035716779377,233.75035716779377,0.5679728932393564,0.5679728932393564,0.5679728932393564,1.1327216263938373,1.1327216263938373,1.1327216263938373,-0.5647487331544809,-0.5647487331544809,-0.5647487331544809,0.0,0.0,0.0,366.5142238241185
2018-05-12,233.16636260554637,-1234.7486480159419,1591.0973566156745,233.16636260554637,233.16636260554637,-0.09483450690703882,-0.09483450690703882,-0.09483450690703882,0.47821318484511016,0.47821318484511016,0.47821318484511016,-0.5730476917521491,-0.5730476917521491,-0.5730476917521491,0.0,0.0,0.0,211.05414558054156
2018-05-13,232.58236804329906,-1181.7499411872282,1601.6736913593318,232.58236804329906,232.58236804329906,-0.34039071997223325,-0.34039071997223325,-0.34039071997223325,0.24146540850442388,0.24146540850442388,0.24146540850442388,-0.5818561284766571,-0.5818561284766571,-0.5818561284766571,0.0,0.0,0.0,153.41348833219357
2018-05-14,231.99837348105174,-1257.6522877726102,1451.6849368375194,231.99837348105177,231.99837348105177,-0.7574636658288645,-0.7574636658288645,-0.7574636658288645,-0.16706289149985634,-0.16706289149985634,-0.16706289149985634,-0.590400774329008,-0.590400774329008,-0.590400774329008,0.0,0.0,0.0,56.26803503776027
2018-05-15,231.41437891880435,-1345.1131694494698,1342.1252115517448,231.41437891880435,231.41437891880435,-0.6946602993141877,-0.6946602993141877,-0.6946602993141877,-0.09667691878850848,-0.09667691878850848,-0.09667691878850848,-0.5979833805256792,-0.5979833805256792,-0.5979833805256792,0.0,0.0,0.0,70.65999719346087
2018-05-18,229.66239523206244,-938.6051420791615,1724.5924124054236,229.66239523206244,229.66239523206244,0.5230471867138422,0.5230471867138422,0.5230471867138422,1.1327216263946185,1.1327216263946185,1.1327216263946185,-0.6096744396807763,-0.6096744396807763,-0.6096744396807763,0.0,0.0,0.0,349.7866649521552
2018-05-19,229.078400669815,-1140.7663981218493,1611.1589669635791,229.078400669815,229.078400669815,-0.13061640634278432,-0.13061640634278432,-0.13061640634278432,0.47821318484208647,0.47821318484208647,0.47821318484208647,-0.6088295911848709,-0.6088295911848709,-0.6088295911848709,0.0,0.0,0.0,199.1570032035713
2018-05-28,223.82244960958894,-1250.0954227788181,1421.8384771574808,223.82244960958894,223.82244960958894,-0.7018472559384494,-0.7018472559384494,-0.7018472559384494,-0.16706289149893164,-0.16706289149893164,-0.16706289149893164,-0.5347843644395178,-0.5347843644395178,-0.5347843644395178,0.0,0.0,0.0,66.73327753367707
2018-06-05,219.1504931116103,-1310.718999251084,1446.4676178719092,219.1504931116103,219.1504931116103,-0.7048820154342124,-0.7048820154342124,-0.7048820154342124,-0.09667691878259183,-0.09667691878259183,-0.09667691878259183,-0.6082050966516206,-0.6082050966516206,-0.6082050966516206,0.0,0.0,0.0,64.67525184369696
2018-06-13,214.47853661363143,-1294.0566053269026,1356.2949945423857,214.47853661363143,214.47853661363143,-0.8564038215785817,-0.8564038215785817,-0.8564038215785817,0.021929523917092797,0.021929523917092797,0.021929523917092797,-0.8783333454956744,-0.8783333454956744,-0.8783333454956744,0.0,0.0,0.0,30.798298211135705
2018-06-25,207.47060186666346,-1258.5877996201493,1439.3082963374557,207.47060186666346,207.47060186666346,-0.9601433758503736,-0.9601433758503736,-0.9601433758503736,-0.1670628914988896,-0.1670628914988896,-0.1670628914988896,-0.7930804843514839,-0.7930804843514839,-0.7930804843514839,0.0,0.0,0.0,8.269077800696389
2018-06-26,206.88660730441603,-1235.8359490565836,1474.5579032707737,206.88660730441603,206.88660730441603,-0.8415099041174077,-0.8415099041174077,-0.8415099041174077,-0.09667691878568946,-0.09667691878568946,-0.09667691878568946,-0.744832985331718,-0.744832985331718,-0.744832985331718,0.0,0.0,0.0,32.789478228501125
2018-06-30,204.55062905542673,-1078.4426910466552,1438.787321631948,204.55062905542673,204.55062905542673,-0.058225852427702895,-0.058225852427702895,-0.058225852427702895,0.4782131848431274,0.4782131848431274,0.4782131848431274,-0.5364390372708303,-0.5364390372708303,-0.5364390372708303,0.0,0.0,0.0,192.64049431405167
2018-07-01,203.9666344931794,-1217.4832865343965,1484.9032587921736,203.9666344931794,203.9666344931794,-0.2463437177217576,-0.2463437177217576,-0.2463437177217576,0.24146540850723458,0.24146540850723458,0.24146540850723458,-0.4878091262289921,-0.4878091262289921,-0.4878091262289921,0.0,0.0,0.0,153.72073546093472
2018-07-08,199.87867255744808,-1065.1628478475977,1547.6516519607394,199.87867255744808,199.87867255744808,-0.09045293674792243,-0.09045293674792243,-0.09045293674792243,0.24146540851017823,0.24146540851017823,0.24146540851017823,-0.3319183452581006,-0.3319183452581006,-0.3319183452581006,0.0,0.0,0.0,181.79905963135053
2018-07-09,199.29467799520066,-1235.0643619981006,1482.264641775756,199.29467799520066,199.29467799520066,-0.5122293307268175,-0.5122293307268175,-0.5122293307268175,-0.1670628915008776,-0.1670628915008776,-0.1670628915008776,-0.34516643922593987,-0.34516643922593987,-0.34516643922593987,0.0,0.0,0.0,97.21009846830242
2018-07-20,192.87073781047988,-1133.0916355472748,1627.7334163551725,192.87073781047988,192.87073781047988,0.27523451523258713,0.27523451523258713,0.27523451523258713,1.13272162639838,1.13272162639838,1.13272162639838,-0.8574871111657929,-0.8574871111657929,-0.8574871111657929,0.0,0.0,0.0,245.9554218342987
2018-07-23,191.11875412373786,-1276.8906362618682,1297.153542023407,191.11875412373786,191.11875412373786,-1.113171710412236,-1.113171710412236,-1.113171710412236,-0.16706289149884748,-0.16706289149884748,-0.16706289149884748,-0.9461088189133883,-0.9461088189133883,-0.9461088189133883,0.0,0.0,0.0,-21.629236296039007
2018-07-29,187.6147867502538,-1324.1668442611242,1484.2026162507032,187.6147867502538,187.6147867502538,-0.5565963354809362,-0.5565963354809362,-0.5565963354809362,0.2414654085067776,0.2414654085067776,0.2414654085067776,-0.7980617439877139,-0.7980617439877139,-0.7980617439877139,0.0,0.0,0.0,83.18908396302523
2018-07-31,186.44679762575907,-1355.3967932701512,1402.8839059615211,186.44679762575907,186.44679762575907,-0.7435288162371424,-0.7435288162371424,-0.7435288162371424,-0.09667691878649104,-0.09667691878649104,-0.09667691878649104,-0.6468518974506514,-0.6468518974506514,-0.6468518974506514,0.0,0.0,0.0,47.818230895872375
2018-08-06,182.94283025227517,-1135.662976892181,1587.046589931116,182.9428302522752,182.9428302522752,-0.18592463072508586,-0.18592463072508586,-0.18592463072508586,-0.16706289149681758,-0.16706289149681758,-0.16706289149681758,-0.018861739228268254,-0.018861739228268254,-0.018861739228268254,0.0,0.0,0.0,148.92925209381883
2018-08-09,181.190846565533,-1408.7792673481745,1248.5966102099399,181.190846565533,181.190846565533,-1.320972705275837,-1.320972705275837,-1.320972705275837,-1.610589933383562,-1.610589933383562,-1.610589933383562,0.2896172281077247,0.2896172281077247,0.2896172281077247,0.0,0.0,0.0,-58.15731619335825
2018-08-12,179.43886287879099,-961.3400882413962,1599.2592795051498,179.43886287879099,179.43886287879099,0.75813144117032,0.75813144117032,0.75813144117032,0.24146540850515838,0.24146540850515838,0.24146540850515838,0.5166660326651615,0.5166660326651615,0.5166660326651615,0.0,0.0,0.0,315.4771065950522
2018-09-02,167.17497707159686,-1199.0407555090676,1479.6199175527352,167.17497707159686,167.17497707159686,-0.25305874333459055,-0.25305874333459055,-0.25305874333459055,0.2414654085112075,0.2414654085112075,0.2414654085112075,-0.494524151845798,-0.494524151845798,-0.494524151845798,0.0,0.0,0.0,124.86988745686956
2018-09-12,161.33503144912348,-1248.5119825420647,1538.451230719323,161.33503144912348,161.33503144912348,-0.22978325871344119,-0.22978325871344119,-0.22978325871344119,0.021929523918371663,0.021929523918371663,0.021929523918371663,-0.2517127826318129,-0.2517127826318129,-0.2517127826318129,0.0,0.0,0.0,124.26294217810836
2018-09-15,159.58304776238145,-1020.7405115894932,1551.3569976077627,159.58304776238145,159.58304776238145,0.4479210511727643,0.4479210511727643,0.4479210511727643,0.478213184848233,0.478213184848233,0.478213184848233,-0.030292133675468513,-0.030292133675468513,-0.030292133675468513,0.0,0.0,0.0,231.0636542654608
2018-09-16,158.99905320013406,-1170.8041876084883,1541.2728922438373,158.99905320013406,158.99905320013406,0.2849611133592715,0.2849611133592715,0.2849611133592715,0.24146540850764514,0.24146540850764514,0.24146540850764514,0.04349570485162638,0.04349570485162638,0.04349570485162638,0.0,0.0,0.0,204.3076004231143
2018-09-17,158.41505863788686,-1254.473019578936,1476.3277610309437,158.41505863788686,158.41505863788686,-0.05274559013068397,-0.05274559013068397,-0.05274559013068397,-0.16706289149986892,-0.16706289149986892,-0.16706289149986892,0.11431730136918494,0.11431730136918494,0.11431730136918494,0.0,0.0,0.0,150.05936288444462
2018-09-22,155.49508582665013,-1057.3536158967208,1708.0650018916767,155.49508582665013,155.49508582665013,0.8523633487494575,0.8523633487494575,0.8523633487494575,0.47821318484520914,0.47821318484520914,0.47821318484520914,0.37415016390424827,0.37415016390424827,0.37415016390424827,0.0,0.0,0.0,288.0333978959379
2018-09-23,154.9110912644027,-1060.2565026503876,1582.210073103959,154.9110912644027,154.9110912644027,0.641702011344327,0.641702011344327,0.641702011344327,0.24146540850586398,0.24146540850586398,0.24146540850586398,0.4002366028384631,0.4002366028384631,0.4002366028384631,0.0,0.0,0.0,254.31785010831453
2018-09-24,154.3270967021554,-1171.4526856226191,1398.3922414853807,154.3270967021554,154.3270967021554,0.24941923479635708,0.24941923479635708,0.24941923479635708,-0.16706289149940654,-0.16706289149940654,-0.16706289149940654,0.41648212629576364,0.41648212629576364,0.41648212629576364,0.0,0.0,0.0,192.81924306995037
2018-09-29,151.40712389091865,-1066.9511675368174,1602.2660227550803,151.40712389091865,151.40712389091865,0.8357019265591066,0.8357019265591066,0.8357019265591066,0.47821318484330083,0.47821318484330083,0.47821318484330083,0.3574887417158058,0.3574887417158058,0.3574887417158058,0.0,0.0,0.0,277.9383490213327
2018-10-04,148.48715107968192,-1414.3335078716345,1368.2369667359844,148.48715107968192,148.48715107968192,-1.4765752971056505,-1.4765752971056505,-1.4765752971056505,-1.6105899333849005,-1.6105899333849005,-1.6105899333849005,0.13401463627925017,0.13401463627925017,0.13401463627925017,0.0,0.0,0.0,-70.76530814217102
2018-10-06,147.31916195518733,-1080.689922700909,1484.147000465103,147.31916195518733,147.31916195518733,0.506357612648053,0.506357612648053,0.506357612648053,0.4782131848436676,0.4782131848436676,0.4782131848436676,0.02814442780438539,0.02814442780438539,0.02814442780438539,0.0,0.0,0.0,221.91534110012788
2018-10-08,146.1511728306926,-1234.8959173264423,1436.6279358479617,146.1511728306926,146.1511728306926,-0.2419661585860193,-0.2419661585860193,-0.2419661585860193,-0.1670628915013945,-0.1670628915013945,-0.1670628915013945,-0.07490326708462472,-0.07490326708462472,-0.07490326708462472,0.0,0.0,0.0,110.7875349680085
2018-10-09,145.5671782684453,-1237.8983856073316,1450.5344420357137,145.5671782684453,145.5671782684453,-0.22011989603003806,-0.22011989603003806,-0.22011989603003806,-0.09667691878765622,-0.09667691878765622,-0.09667691878765622,-0.12344297724238187,-0.12344297724238187,-0.12344297724238187,0.0,0.0,0.0,113.5249461226091
2018-10-19,139.7272326459718,-1048.0595946118103,1631.102753597001,139.7272326459718,139.7272326459718,0.6881682847124206,0.6881682847124206,0.6881682847124206,1.1327216263975939,1.1327216263975939,1.1327216263975939,-0.44455334168517324,-0.44455334168517324,-0.44455334168517324,0.0,0.0,0.0,235.88308266356358
2018-10-21,138.5592435214772,-1252.3827873336832,1422.598423512482,138.5592435214772,138.5592435214772,-0.24216603828727157,-0.24216603828727157,-0.24216603828727157,0.24146540850456866,0.24146540850456866,0.24146540850456866,-0.4836314467918402,-0.4836314467918402,-0.4836314467918402,0.0,0.0,0.0,105.00490044979978
2018-10-23,137.39125439698248,-1307.4194053510569,1427.1733254913374,137.39125439698248,137.39125439698248,-0.6182424415608611,-0.6182424415608611,-0.6182424415608611,-0.0966769187851409,-0.0966769187851409,-0.0966769187851409,-0.5215655227757201,-0.5215655227757201,-0.5215655227757201,0.0,0.0,0.0,52.45014982948264
2018-10-26,135.63927071024045,-1133.669795622169,1575.043488086695,135.63927071024045,135.63927071024045,0.5522961500994141,0.5522961500994141,0.5522961500994141,1.1327216263953561,1.1327216263953561,1.1327216263953561,-0.5804254762959419,-0.5804254762959419,-0.5804254762959419,0.0,0.0,0.0,210.55231772579847
2018-10-27,135.05527614799317,-1246.0379491921462,1444.0714882310335,135.05527614799317,135.05527614799317,-0.12248305826692935,-0.12248305826692935,-0.12248305826692935,0.478213184842493,0.478213184842493,0.478213184842493,-0.6006962431094223,-0.6006962431094223,-0.6006962431094223,0.0,0.0,0.0,118.51329289030228
2018-10-28,134.47128158574574,-1326.0709185202102,1499.2403865418964,134.47128158574574,134.47128158574574,-0.3795549818677362,-0.3795549818677362,-0.3795549818677362,0.2414654085075122,0.2414654085075122,0.2414654085075122,-0.6210203903752485,-0.6210203903752485,-0.6210203903752485,0.0,0.0,0.0,83.43203674173677
2018-10-31,132.71929789900383,-1231.368332483651,1503.9967567689573,132.71929789900383,132.71929789900383,-0.6566950800415422,-0.6566950800415422,-0.6566950800415422,0.021929523920383498,0.021929523920383498,0.021929523920383498,-0.6786246039619256,-0.6786246039619256,-0.6786246039619256,0.0,0.0,0.0,45.563187942160226
2018-11-08,128.04734140102508,-1558.9034284486665,1150.6846221485425,128.04734140102508,128.04734140102508,-2.325969619571021,-2.325969619571021,-2.325969619571021,-1.6105899333839075,-1.6105899333839075,-1.6105899333839075,-0.7153796861871135,-0.7153796861871135,-0.7153796861871135,0.0,0.0,0.0,-169.78688456459787
2018-11-11,126.29535771428306,-1238.090740437843,1479.8750550527086,126.29535771428306,126.29535771428306,-0.41206285361072414,-0.41206285361072414,-0.41206285361072414,0.24146540851061774,0.24146540851061774,0.24146540851061774,-0.6535282621213419,-0.6535282621213419,-0.6535282621213419,0.0,0.0,0.0,74.2537322167484
2018-11-12,125.71136315203576,-1326.7786769074578,1374.0529382831671,125.71136315203576,125.71136315203576,-0.7905566550167998,-0.7905566550167998,-0.7905566550167998,-0.16706289149576678,-0.16706289149576678,-0.16706289149576678,-0.623493763521033,-0.623493763521033,-0.623493763521033,0.0,0.0,0.0,26.329408400960183
2018-11-14,124.54337402754103,-1318.006164494739,1420.069617058329,124.54337402754103,124.54337402754103,-0.5302902324032687,-0.5302902324032687,-0.5302902324032687,0.021929523920139027,0.021929523920139027,0.021929523920139027,-0.5522197563234077,-0.5522197563234077,-0.5522197563234077,0.0,0.0,0.0,58.499239270189086
2018-11-17,122.79139034079901,-1224.724580857388,1511.143834477466,122.79139034079901,122.79139034079901,0.04897116600944773,0.04897116600944773,0.04897116600944773,0.47821318484582365,0.47821318484582365,0.47821318484582365,-0.4292420188363759,-0.4292420188363759,-0.4292420188363759,0.0,0.0,0.0,128.80462790170918
2018-11-21,120.45541209180958,-1284.0897828282584,1398.976301821197,120.45541209180958,120.45541209180958,-0.2551799655401865,-0.2551799655401865,-0.2551799655401865,0.021929523917018745,0.021929523917018745,0.021929523917018745,-0.2771094894572054,-0.2771094894572054,-0.2771094894572054,0.0,0.0,0.0,89.71760418509264
2018-11-23,119.28742296731498,-1186.6273913355926,1630.1539291034444,119.28742296731498,119.28742296731498,0.9085126437367754,0.9085126437367754,0.9085126437367754,1.132721626396846,1.132721626396846,1.132721626396846,-0.22420898266007072,-0.22420898266007072,-0.22420898266007072,0.0,0.0,0.0,227.66155497189726
2018-11-25,118.11943384282026,-1242.5234267295762,1523.0920569274338,118.11943384282026,118.11943384282026,0.04657497042638144,0.04657497042638144,0.04657497042638144,0.24146540850705528,0.24146540850705528,0.24146540850705528,-0.19489043808067388,-0.19489043808067388,-0.19489043808067388,0.0,0.0,0.0,123.62084298083052
2018-11-26,117.53543928057283,-1251.595689956008,1382.6544784617186,117.53543928057283,117.53543928057283,-0.3571114708805624,-0.3571114708805624,-0.3571114708805624,-0.16706289150287815,-0.16706289150287815,-0.16706289150287815,-0.19004857937768418,-0.19004857937768418,-0.19004857937768418,0.0,0.0,0.0,75.56218567849444
2018-11-27,116.95144471832566,-1232.1776524238876,1369.483853903454,116.95144471832566,116.95144471832566,-0.2885194130097422,-0.2885194130097422,-0.2885194130097422,-0.09667691878550438,-0.09667691878550438,-0.09667691878550438,-0.1918424942242378,-0.1918424942242378,-0.1918424942242378,0.0,0.0,0.0,83.20868253755303
2018-11-30,115.19946103158351,-1059.4857541015133,1534.0368560281954,115.19946103158351,115.19946103158351,0.8990953942910948,0.8990953942910948,0.8990953942910948,1.132721626395993,1.132721626395993,1.132721626395993,-0.23362623210489813,-0.23362623210489813,-0.23362623210489813,0.0,0.0,0.0,218.7747658698967
2018-12-10,109.35951540911014,-1311.6413598440747,1355.751715513067,109.35951540911014,109.35951540911014,-0.6158729402622074,-0.6158729402622074,-0.6158729402622074,-0.16706289150084816,-0.16706289150084816,-0.16706289150084816,-0.44881004876135927,-0.44881004876135927,-0.44881004876135927,0.0,0.0,0.0,42.0079491084513
2018-12-11,108.77552084686285,-1210.6105679218701,1407.385055574391,108.77552084686285,108.77552084686285,-0.5386594752331887,-0.5386594752331887,-0.5386594752331887,-0.09667691878771567,-0.09667691878771567,-0.09667691878771567,-0.4419825564454731,-0.4419825564454731,-0.4419825564454731,0.0,0.0,0.0,50.18255586927493
2018-12-14,107.02353716012071,-1123.8169840903156,1575.6694782976424,107.02353716012071,107.02353716012071,0.7699407335791746,0.7699407335791746,0.7699407335791746,1.132721626394536,1.132721626394536,1.132721626394536,-0.3627808928153615,-0.3627808928153615,-0.3627808928153615,0.0,0.0,0.0,189.4253178714221
2018-12-18,104.68755891113139,-1354.4239718457766,1407.6562323216328,104.68755891113139,104.68755891113139,-0.2249113731426523,-0.2249113731426523,-0.2249113731426523,-0.09667691878882112,-0.09667691878882112,-0.09667691878882112,-0.1282344543538312,-0.1282344543538312,-0.1282344543538312,0.0,0.0,0.0,81.14213628547652
2018-12-22,102.35158066214207,-1201.2437806003436,1557.6507936767712,102.35158066214208,102.35158066214208,0.6580790362487778,0.6580790362487778,0.6580790362487778,0.4782131848453825,0.4782131848453825,0.4782131848453825,0.17986585140339528,0.17986585140339528,0.17986585140339528,0.0,0.0,0.0,169.70701022282356
2019-01-01,96.5116350396687,-1260.6206283956458,1392.165789549069,96.5116350396687,96.5116350396687,0.2220294560238672,0.2220294560238672,0.2220294560238672,-0.09667691878179901,-0.09667691878179901,-0.09667691878179901,0.31870637480566616,0.31870637480566616,0.31870637480566616,0.0,0.0,0.0,117.94006086750034
2019-02-01,78.40780361000107,-916.3506882873393,1717.1914823899463,71.55153263501165,85.02397588752943,4.321807532819524,4.321807532819524,4.321807532819524,1.1327216263967355,1.1327216263967355,1.1327216263967355,3.1890859064227888,3.1890859064227888,3.1890859064227888,0.0,0.0,0.0,417.2712398835376
2019-03-01,62.055955867075454,-1241.1162262257608,1405.7462296499114,43.24286439835108,80.82044219170066,1.417367436210917,1.417367436210917,1.417367436210917,1.1327216263982256,1.1327216263982256,1.1327216263982256,0.2846458098126915,0.2846458098126915,0.2846458098126915,0.0,0.0,0.0,150.01204693601
