date,trend,yhat_lower,yhat_upper,trend_lower,trend_upper,additive_terms,additive_terms_lower,additive_terms_upper,weekly,weekly_lower,weekly_upper,yearly,yearly_lower,yearly_upper,multiplicative_terms,multiplicative_terms_lower,multiplicative_terms_upper,yhat,region,category
1/3/15,672.0652291,-989.7828978,2567.293323,672.0652291,672.0652291,271.5317776,271.5317776,271.5317776,89.71066826,89.71066826,89.71066826,181.8211094,181.8211094,181.8211094,0,0,0,943.5970067,East,Technology
1/9/15,672.5296273,-1553.653562,1943.632908,672.5296273,672.5296273,-445.7931729,-445.7931729,-445.7931729,-324.6267989,-324.6267989,-324.6267989,-121.166374,-121.166374,-121.166374,0,0,0,226.7364544,East,Technology
1/12/15,672.7618265,-896.7121449,2653.494834,672.7618265,672.7618265,151.1084753,151.1084753,151.1084753,417.8457883,417.8457883,417.8457883,-266.7373129,-266.7373129,-266.7373129,0,0,0,823.8703018,East,Technology
1/16/15,673.0714253,-1878.740629,1723.164183,673.0714253,673.0714253,-717.2736843,-717.2736843,-717.2736843,-324.6267989,-324.6267989,-324.6267989,-392.6468854,-392.6468854,-392.6468854,0,0,0,-44.20225901,East,Technology
2/7/15,674.774219,-1236.731563,2432.835217,674.774219,674.774219,-136.5266043,-136.5266043,-136.5266043,89.71066826,89.71066826,89.71066826,-226.2372726,-226.2372726,-226.2372726,0,0,0,538.2476146,East,Technology
2/11/15,675.0838178,-1835.709274,1700.561795,675.0838178,675.0838178,-648.2601882,-648.2601882,-648.2601882,-314.0390775,-314.0390775,-314.0390775,-334.2211107,-334.2211107,-334.2211107,0,0,0,26.82362958,East,Technology
2/12/15,675.1612175,-1410.215558,2286.076434,675.1612175,675.1612175,-242.0604002,-242.0604002,-242.0604002,122.3574146,122.3574146,122.3574146,-364.4178148,-364.4178148,-364.4178148,0,0,0,433.1008173,East,Technology
3/3/15,676.6318121,-1546.80138,2063.222432,676.6318121,676.6318121,-432.0154044,-432.0154044,-432.0154044,-132.2181169,-132.2181169,-132.2181169,-299.7972875,-299.7972875,-299.7972875,0,0,0,244.6164077,East,Technology
3/10/15,677.17361,-1583.297152,2028.458764,677.17361,677.17361,-425.3096817,-425.3096817,-425.3096817,-132.2181169,-132.2181169,-132.2181169,-293.0915648,-293.0915648,-293.0915648,0,0,0,251.8639284,East,Technology
3/11/15,677.2510098,-1764.391894,1865.700732,677.2510098,677.2510098,-631.6441077,-631.6441077,-631.6441077,-314.0390775,-314.0390775,-314.0390775,-317.6050302,-317.6050302,-317.6050302,0,0,0,45.60690207,East,Technology
4/8/15,679.4182017,-948.4785801,2561.914708,679.4182017,679.4182017,79.6654278,79.6654278,79.6654278,-314.0390775,-314.0390775,-314.0390775,393.7045053,393.7045053,393.7045053,0,0,0,759.0836295,East,Technology
4/11/15,679.6504008,-465.6517879,3338.137581,679.6504008,679.6504008,747.2815198,747.2815198,747.2815198,89.71066826,89.71066826,89.71066826,657.5708515,657.5708515,657.5708515,0,0,0,1426.931921,East,Technology
4/12/15,679.7278014,-173.1043877,3318.495909,679.7278014,679.7278014,864.5504562,864.5504562,864.5504562,140.9701222,140.9701222,140.9701222,723.580334,723.580334,723.580334,0,0,0,1544.278258,East,Technology
4/13/15,679.805202,-8.821806991,3775.077039,679.805202,679.805202,1193.904851,1193.904851,1193.904851,417.8457883,417.8457883,417.8457883,776.0590626,776.0590626,776.0590626,0,0,0,1873.710053,East,Technology
4/28/15,680.9662107,-1252.163294,2425.963337,680.9662107,680.9662107,-101.465642,-101.465642,-101.465642,-132.2181169,-132.2181169,-132.2181169,30.75247492,30.75247492,30.75247492,0,0,0,579.5005687,East,Technology
4/29/15,681.0436113,-1501.750666,2204.592672,681.0436113,681.0436113,-368.5034874,-368.5034874,-368.5034874,-314.0390775,-314.0390775,-314.0390775,-54.46440987,-54.46440987,-54.46440987,0,0,0,312.5401239,East,Technology
5/3/15,681.3532136,-1287.41963,2316.53485,681.3532136,681.3532136,-159.6949883,-159.6949883,-159.6949883,140.9701222,140.9701222,140.9701222,-300.6651105,-300.6651105,-300.6651105,0,0,0,521.6582253,East,Technology
5/8/15,681.7402165,-1774.784406,1760.420111,681.7402165,681.7402165,-638.7867499,-638.7867499,-638.7867499,-324.6267989,-324.6267989,-324.6267989,-314.159951,-314.159951,-314.159951,0,0,0,42.95346659,East,Technology
5/11/15,681.9724182,-780.4713631,2817.68984,681.9724182,681.9724182,247.2696965,247.2696965,247.2696965,417.8457883,417.8457883,417.8457883,-170.5760918,-170.5760918,-170.5760918,0,0,0,929.2421147,East,Technology
5/12/15,682.0498188,-1328.919883,2201.375452,682.0498188,682.0498188,-237.2708571,-237.2708571,-237.2708571,-132.2181169,-132.2181169,-132.2181169,-105.0527402,-105.0527402,-105.0527402,0,0,0,444.7789617,East,Technology
5/18/15,682.5142223,-392.1177507,3190.722008,682.5142223,682.5142223,743.6888708,743.6888708,743.6888708,417.8457883,417.8457883,417.8457883,325.8430825,325.8430825,325.8430825,0,0,0,1426.203093,East,Technology
5/23/15,682.9012252,-544.5502078,3122.045251,682.9012252,682.9012252,594.8201124,594.8201124,594.8201124,89.71066826,89.71066826,89.71066826,505.1094441,505.1094441,505.1094441,0,0,0,1277.721338,East,Technology
5/30/15,683.4430293,-740.9800003,2937.664678,683.4430293,683.4430293,330.0959369,330.0959369,330.0959369,89.71066826,89.71066826,89.71066826,240.3852686,240.3852686,240.3852686,0,0,0,1013.538966,East,Technology
6/4/15,683.8300187,-1048.729191,2581.517305,683.8300187,683.8300187,-33.49677723,-33.49677723,-33.49677723,122.3574146,122.3574146,122.3574146,-155.8541918,-155.8541918,-155.8541918,0,0,0,650.3332415,East,Technology
6/7/15,684.0622124,-1341.190191,2394.263975,684.0622124,684.0622124,-213.270899,-213.270899,-213.270899,140.9701222,140.9701222,140.9701222,-354.2410212,-354.2410212,-354.2410212,0,0,0,470.7913134,East,Technology
6/8/15,684.1396103,-1095.526723,2545.001787,684.1396103,684.1396103,16.11587418,16.11587418,16.11587418,417.8457883,417.8457883,417.8457883,-401.7299141,-401.7299141,-401.7299141,0,0,0,700.2554845,East,Technology
6/17/15,684.8361914,-1641.847088,1904.684364,684.8361914,684.8361914,-566.6848531,-566.6848531,-566.6848531,-314.0390775,-314.0390775,-314.0390775,-252.6457756,-252.6457756,-252.6457756,0,0,0,118.1513383,East,Technology
6/21/15,685.145783,-975.1063006,2832.393,685.145783,685.145783,204.5677774,204.5677774,204.5677774,140.9701222,140.9701222,140.9701222,63.59765519,63.59765519,63.59765519,0,0,0,889.7135604,East,Technology
6/22/15,685.2231809,-465.3438485,3093.028655,685.2231809,685.2231809,564.1427873,564.1427873,564.1427873,417.8457883,417.8457883,417.8457883,146.2969991,146.2969991,146.2969991,0,0,0,1249.365968,East,Technology
6/23/15,685.3005788,-944.6745219,2674.966133,685.3005788,685.3005788,93.6954105,93.6954105,93.6954105,-132.2181169,-132.2181169,-132.2181169,225.9135274,225.9135274,225.9135274,0,0,0,778.9959893,East,Technology
7/2/15,685.9971599,-488.5188679,3281.262974,685.9971599,685.9971599,639.478096,639.478096,639.478096,122.3574146,122.3574146,122.3574146,517.1206814,517.1206814,517.1206814,0,0,0,1325.475256,East,Technology
7/9/15,686.5389451,-930.4311069,2641.838874,686.5389451,686.5389451,227.1927602,227.1927602,227.1927602,122.3574146,122.3574146,122.3574146,104.8353456,104.8353456,104.8353456,0,0,0,913.7317054,East,Technology
7/14/15,686.9259346,-1594.403218,2080.653952,686.9259346,686.9259346,-390.4767645,-390.4767645,-390.4767645,-132.2181169,-132.2181169,-132.2181169,-258.2586475,-258.2586475,-258.2586475,0,0,0,296.4491702,East,Technology
7/19/15,687.3129241,-1341.953097,2365.753257,687.3129241,687.3129241,-267.8671004,-267.8671004,-267.8671004,140.9701222,140.9701222,140.9701222,-408.8372226,-408.8372226,-408.8372226,0,0,0,419.4458237,East,Technology
7/22/15,687.5451208,-1883.615583,1761.260381,687.5451208,687.5451208,-665.7701003,-665.7701003,-665.7701003,-314.0390775,-314.0390775,-314.0390775,-351.7310227,-351.7310227,-351.7310227,0,0,0,21.77502051,East,Technology
7/23/15,687.6225197,-1337.200854,2258.172501,687.6225197,687.6225197,-187.6772924,-187.6772924,-187.6772924,122.3574146,122.3574146,122.3574146,-310.034707,-310.034707,-310.034707,0,0,0,499.9452273,East,Technology
8/5/15,688.6287052,-1045.711915,2549.614217,688.6287052,688.6287052,90.22072792,90.22072792,90.22072792,-314.0390775,-314.0390775,-314.0390775,404.2598054,404.2598054,404.2598054,0,0,0,778.8494331,East,Technology
8/26/15,690.2540818,-2026.458685,1672.672183,690.2540818,690.2540818,-765.9289313,-765.9289313,-765.9289313,-314.0390775,-314.0390775,-314.0390775,-451.8898538,-451.8898538,-451.8898538,0,0,0,-75.6748495,East,Technology
9/9/15,691.3376663,-1097.393484,2451.866657,691.3376663,691.3376663,-20.68225892,-20.68225892,-20.68225892,-314.0390775,-314.0390775,-314.0390775,293.3568186,293.3568186,293.3568186,0,0,0,670.6554074,East,Technology
9/12/15,691.5698629,-710.3232075,2904.083663,691.5698629,691.5698629,441.9130119,441.9130119,441.9130119,89.71066826,89.71066826,89.71066826,352.2023436,352.2023436,352.2023436,0,0,0,1133.482875,East,Technology
9/13/15,691.6472618,-735.2376442,3027.813501,691.6472618,691.6472618,490.3056938,490.3056938,490.3056938,140.9701222,140.9701222,140.9701222,349.3355716,349.3355716,349.3355716,0,0,0,1181.952956,East,Technology
9/14/15,691.7246607,-226.9725582,3414.978614,691.7246607,691.7246607,753.0581181,753.0581181,753.0581181,417.8457883,417.8457883,417.8457883,335.2123299,335.2123299,335.2123299,0,0,0,1444.782779,East,Technology
9/20/15,692.189054,-912.0302214,2637.110716,692.189054,692.189054,202.3789568,202.3789568,202.3789568,140.9701222,140.9701222,140.9701222,61.40883459,61.40883459,61.40883459,0,0,0,894.5680108,East,Technology
9/26/15,692.6534474,-1332.399615,2333.246912,692.6534474,692.6534474,-203.193457,-203.193457,-203.193457,89.71066826,89.71066826,89.71066826,-292.9041252,-292.9041252,-292.9041252,0,0,0,489.4599904,East,Technology
10/10/15,693.7370318,-916.3145189,2551.718784,693.7370318,693.7370318,142.6079454,142.6079454,142.6079454,89.71066826,89.71066826,89.71066826,52.89727718,52.89727718,52.89727718,0,0,0,836.3449772,East,Technology
10/14/15,694.0466128,-1052.491565,2408.159053,694.0466128,694.0466128,14.44349019,14.44349019,14.44349019,-314.0390775,-314.0390775,-314.0390775,328.4825677,328.4825677,328.4825677,0,0,0,708.490103,East,Technology
10/25/15,694.8979604,-534.5144433,3116.742818,694.8979604,694.8979604,590.0880559,590.0880559,590.0880559,140.9701222,140.9701222,140.9701222,449.1179337,449.1179337,449.1179337,0,0,0,1284.986016,East,Technology
11/7/15,695.9040986,-904.9057972,2619.39728,695.9040986,695.9040986,79.2849013,79.2849013,79.2849013,89.71066826,89.71066826,89.71066826,-10.42576696,-10.42576696,-10.42576696,0,0,0,775.1889999,East,Technology
11/14/15,696.4458653,-820.5684404,2818.470971,696.4458653,696.4458653,260.8533469,260.8533469,260.8533469,89.71066826,89.71066826,89.71066826,171.1426787,171.1426787,171.1426787,0,0,0,957.2992122,East,Technology
11/18/15,696.7554463,-979.1869373,2619.824469,696.7554463,696.7554463,36.71516851,36.71516851,36.71516851,-314.0390775,-314.0390775,-314.0390775,350.754246,350.754246,350.754246,0,0,0,733.4706148,East,Technology
11/19/15,696.8328415,-681.4447452,2934.366309,696.8328415,696.8328415,513.6737403,513.6737403,513.6737403,122.3574146,122.3574146,122.3574146,391.3163257,391.3163257,391.3163257,0,0,0,1210.506582,East,Technology
11/20/15,696.9102368,-1180.280327,2671.833363,696.9102368,696.9102368,102.9912609,102.9912609,102.9912609,-324.6267989,-324.6267989,-324.6267989,427.6180598,427.6180598,427.6180598,0,0,0,799.9014977,East,Technology
11/24/15,697.2198177,-774.4927324,2738.489388,697.2198177,697.2198177,379.7631939,379.7631939,379.7631939,-132.2181169,-132.2181169,-132.2181169,511.9813108,511.9813108,511.9813108,0,0,0,1076.983012,East,Technology
11/26/15,697.3746082,-583.0404652,3156.722919,697.3746082,697.3746082,632.9149924,632.9149924,632.9149924,122.3574146,122.3574146,122.3574146,510.5575778,510.5575778,510.5575778,0,0,0,1330.289601,East,Technology
12/9/15,698.3807464,-1424.801057,2250.65465,698.3807464,698.3807464,-218.5248461,-218.5248461,-218.5248461,-314.0390775,-314.0390775,-314.0390775,95.51423142,95.51423142,95.51423142,0,0,0,479.8559003,East,Technology
12/14/15,698.7677226,-688.594246,2834.709973,698.7677226,698.7677226,463.7005364,463.7005364,463.7005364,417.8457883,417.8457883,417.8457883,45.85474816,45.85474816,45.85474816,0,0,0,1162.468259,East,Technology
12/30/15,700.0060192,-974.2831759,2433.142908,700.0060192,700.0060192,-10.29342123,-10.29342123,-10.29342123,-314.0390775,-314.0390775,-314.0390775,303.7456563,303.7456563,303.7456563,0,0,0,689.712598,East,Technology
12/31/15,700.0834128,-656.6860012,2825.971064,700.0834128,700.0834128,408.1474576,408.1474576,408.1474576,122.3574146,122.3574146,122.3574146,285.790043,285.790043,285.790043,0,0,0,1108.23087,East,Technology
1/10/16,700.8573482,-991.0936832,2456.547979,700.8573482,700.8573482,-19.14948543,-19.14948543,-19.14948543,140.9701222,140.9701222,140.9701222,-160.1196076,-160.1196076,-160.1196076,0,0,0,681.7078628,East,Technology
1/11/16,700.9347417,-820.3107682,2691.747535,700.9347417,700.9347417,208.0591661,208.0591661,208.0591661,417.8457883,417.8457883,417.8457883,-209.7866222,-209.7866222,-209.7866222,0,0,0,908.9939078,East,Technology
1/27/16,702.1730384,-1746.992536,1775.926927,702.1730384,702.1730384,-594.3313461,-594.3313461,-594.3313461,-314.0390775,-314.0390775,-314.0390775,-280.2922685,-280.2922685,-280.2922685,0,0,0,107.8416923,East,Technology
2/1/16,702.5600061,-934.923822,2718.924189,702.5600061,702.5600061,232.0644704,232.0644704,232.0644704,417.8457883,417.8457883,417.8457883,-185.7813178,-185.7813178,-185.7813178,0,0,0,934.6244765,East,Technology
2/8/16,703.1017609,-807.5877245,2508.507122,703.1017609,703.1017609,174.5230313,174.5230313,174.5230313,417.8457883,417.8457883,417.8457883,-243.322757,-243.322757,-243.322757,0,0,0,877.6247922,East,Technology
2/10/16,703.256548,-1674.528198,1766.312137,703.256548,703.256548,-611.0775224,-611.0775224,-611.0775224,-314.0390775,-314.0390775,-314.0390775,-297.0384449,-297.0384449,-297.0384449,0,0,0,92.17902561,East,Technology
2/14/16,703.5661222,-1325.377466,2184.177621,703.5661222,703.5661222,-274.045853,-274.045853,-274.045853,140.9701222,140.9701222,140.9701222,-415.0159752,-415.0159752,-415.0159752,0,0,0,429.5202692,East,Technology
2/27/16,704.5722382,-1326.458441,2127.688508,704.5722382,704.5722382,-314.5030106,-314.5030106,-314.5030106,89.71066826,89.71066826,89.71066826,-404.2136788,-404.2136788,-404.2136788,0,0,0,390.0692276,East,Technology
3/5/16,705.113993,-1347.943598,2406.137008,705.113993,705.113993,-172.4154911,-172.4154911,-172.4154911,89.71066826,89.71066826,89.71066826,-262.1261593,-262.1261593,-262.1261593,0,0,0,532.6985019,East,Technology
3/9/16,705.4235496,-1692.129337,1833.170757,705.4235496,705.4235496,-601.9913901,-601.9913901,-601.9913901,-314.0390775,-314.0390775,-314.0390775,-287.9523126,-287.9523126,-287.9523126,0,0,0,103.4321595,East,Technology
3/10/16,705.5009387,-1248.644284,2233.885436,705.5009387,705.5009387,-188.5407277,-188.5407277,-188.5407277,122.3574146,122.3574146,122.3574146,-310.8981423,-310.8981423,-310.8981423,0,0,0,516.960211,East,Technology
3/12/16,705.655717,-1485.264896,2326.242722,705.655717,705.655717,-284.587217,-284.587217,-284.587217,89.71066826,89.71066826,89.71066826,-374.2978853,-374.2978853,-374.2978853,0,0,0,421.0685,East,Technology
3/16/16,705.9652736,-1869.55466,1546.213933,705.9652736,705.9652736,-858.5003674,-858.5003674,-858.5003674,-314.0390775,-314.0390775,-314.0390775,-544.4612898,-544.4612898,-544.4612898,0,0,0,-152.5350938,East,Technology
3/17/16,706.0426627,-1641.22423,2024.254676,706.0426627,706.0426627,-466.0159622,-466.0159622,-466.0159622,122.3574146,122.3574146,122.3574146,-588.3733768,-588.3733768,-588.3733768,0,0,0,240.0267005,East,Technology
3/26/16,706.739165,-1698.142474,1879.485856,706.739165,706.739165,-601.5340487,-601.5340487,-601.5340487,89.71066826,89.71066826,89.71066826,-691.244717,-691.244717,-691.244717,0,0,0,105.2051163,East,Technology
4/12/16,708.0547804,-350.0455845,3263.422516,708.0547804,708.0547804,632.0552402,632.0552402,632.0552402,-132.2181169,-132.2181169,-132.2181169,764.2733571,764.2733571,764.2733571,0,0,0,1340.110021,East,Technology
4/16/16,708.364337,-269.9533812,3471.170635,708.364337,708.364337,927.479186,927.479186,927.479186,89.71066826,89.71066826,89.71066826,837.7685177,837.7685177,837.7685177,0,0,0,1635.843523,East,Technology
4/17/16,708.4417262,-140.0581308,3394.045928,708.4417262,708.4417262,958.0692825,958.0692825,958.0692825,140.9701222,140.9701222,140.9701222,817.0991603,817.0991603,817.0991603,0,0,0,1666.511009,East,Technology
4/27/16,709.2156176,-1346.59741,2230.672098,709.2156176,709.2156176,-261.0184256,-261.0184256,-261.0184256,-314.0390775,-314.0390775,-314.0390775,53.02065187,53.02065187,53.02065187,0,0,0,448.197192,East,Technology
4/30/16,709.447785,-1309.78801,2462.403663,709.447785,709.447785,-94.1541444,-94.1541444,-94.1541444,89.71066826,89.71066826,89.71066826,-183.8648127,-183.8648127,-183.8648127,0,0,0,615.2936406,East,Technology
5/3/16,709.6799525,-1377.354551,2033.836434,709.6799525,709.6799525,-457.2092728,-457.2092728,-457.2092728,-132.2181169,-132.2181169,-132.2181169,-324.9911559,-324.9911559,-324.9911559,0,0,0,252.4706797,East,Technology
5/4/16,709.7573416,-1710.645241,1826.964905,709.7573416,709.7573416,-659.2501497,-659.2501497,-659.2501497,-314.0390775,-314.0390775,-314.0390775,-345.2110722,-345.2110722,-345.2110722,0,0,0,50.50719194,East,Technology
5/7/16,709.989509,-1281.589072,2293.954928,709.989509,709.989509,-231.8766545,-231.8766545,-231.8766545,89.71066826,89.71066826,89.71066826,-321.5873228,-321.5873228,-321.5873228,0,0,0,478.1128545,East,Technology
5/10/16,710.2216765,-1418.139239,2151.393683,710.2216765,710.2216765,-318.0596975,-318.0596975,-318.0596975,-132.2181169,-132.2181169,-132.2181169,-185.8415806,-185.8415806,-185.8415806,0,0,0,392.1619789,East,Technology
5/12/16,710.3764548,-1001.05195,2639.891213,710.3764548,710.3764548,70.21539112,70.21539112,70.21539112,122.3574146,122.3574146,122.3574146,-52.14202348,-52.14202348,-52.14202348,0,0,0,780.5918459,East,Technology
5/28/16,711.6146811,-586.1461856,3028.148341,711.6146811,711.6146811,415.3696952,415.3696952,415.3696952,89.71066826,89.71066826,89.71066826,325.6590269,325.6590269,325.6590269,0,0,0,1126.984376,East,Technology
5/30/16,711.7694594,-419.1680255,3204.892971,711.7694594,711.7694594,602.1270736,602.1270736,602.1270736,417.8457883,417.8457883,417.8457883,184.2812853,184.2812853,184.2812853,0,0,0,1313.896533,East,Technology
6/7/16,712.3885725,-1678.248711,2102.940157,712.3885725,712.3885725,-523.1354533,-523.1354533,-523.1354533,-132.2181169,-132.2181169,-132.2181169,-390.9173364,-390.9173364,-390.9173364,0,0,0,189.2531192,East,Technology
6/9/16,712.5433508,-1444.009281,2236.991277,712.5433508,712.5433508,-333.4330267,-333.4330267,-333.4330267,122.3574146,122.3574146,122.3574146,-455.7904413,-455.7904413,-455.7904413,0,0,0,379.1103241,East,Technology
6/12/16,712.7755182,-1313.23874,2132.993621,712.7755182,712.7755182,-311.8687178,-311.8687178,-311.8687178,140.9701222,140.9701222,140.9701222,-452.83884,-452.83884,-452.83884,0,0,0,400.9068005,East,Technology
6/13/16,712.8529074,-1029.207238,2544.692086,712.8529074,712.8529074,-6.896676104,-6.896676104,-6.896676104,417.8457883,417.8457883,417.8457883,-424.7424644,-424.7424644,-424.7424644,0,0,0,705.9562313,East,Technology
6/16/16,713.0850711,-1299.890191,2267.576592,713.0850711,713.0850711,-147.2302298,-147.2302298,-147.2302298,122.3574146,122.3574146,122.3574146,-269.5876444,-269.5876444,-269.5876444,0,0,0,565.8548413,East,Technology
6/20/16,713.3946228,-684.8230557,3003.301076,713.3946228,713.3946228,460.5516967,460.5516967,460.5516967,417.8457883,417.8457883,417.8457883,42.70590842,42.70590842,42.70590842,0,0,0,1173.946319,East,Technology
7/3/16,714.4006656,-521.2210799,3084.320477,714.4006656,714.4006656,596.4006732,596.4006732,596.4006732,140.9701222,140.9701222,140.9701222,455.430551,455.430551,455.430551,0,0,0,1310.801339,East,Technology
7/9/16,714.8649931,-897.3932083,2642.322083,714.8649931,714.8649931,135.0532417,135.0532417,135.0532417,89.71066826,89.71066826,89.71066826,45.34257344,45.34257344,45.34257344,0,0,0,849.9182348,East,Technology
7/12/16,715.0971568,-1442.145172,2191.84574,715.0971568,715.0971568,-311.9309435,-311.9309435,-311.9309435,-132.2181169,-132.2181169,-132.2181169,-179.7128266,-179.7128266,-179.7128266,0,0,0,403.1662133,East,Technology
7/16/16,715.4067085,-1362.264766,2322.284633,715.4067085,715.4067085,-288.0727676,-288.0727676,-288.0727676,89.71066826,89.71066826,89.71066826,-377.7834359,-377.7834359,-377.7834359,0,0,0,427.3339409,East,Technology
7/31/16,716.5675272,-654.6771174,2944.704324,716.5675272,716.5675272,392.7773774,392.7773774,392.7773774,140.9701222,140.9701222,140.9701222,251.8072552,251.8072552,251.8072552,0,0,0,1109.344905,East,Technology
8/2/16,716.722303,-819.3460876,2548.829378,716.722303,716.722303,214.6204785,214.6204785,214.6204785,-132.2181169,-132.2181169,-132.2181169,346.8385954,346.8385954,346.8385954,0,0,0,931.3427815,East,Technology
8/5/16,716.9544667,-1090.150135,2536.936827,716.9544667,716.9544667,85.50948022,85.50948022,85.50948022,-324.6267989,-324.6267989,-324.6267989,410.1362791,410.1362791,410.1362791,0,0,0,802.463947,East,Technology
8/11/16,717.4187942,-736.9364229,2776.704111,717.4187942,717.4187942,345.5303274,345.5303274,345.5303274,122.3574146,122.3574146,122.3574146,223.1729128,223.1729128,223.1729128,0,0,0,1062.949122,East,Technology
8/16/16,717.8057338,-1256.88239,2354.921821,717.8057338,717.8057338,-258.2293962,-258.2293962,-258.2293962,-132.2181169,-132.2181169,-132.2181169,-126.0112793,-126.0112793,-126.0112793,0,0,0,459.5763375,East,Technology
8/21/16,718.1927892,-1194.708324,2297.144076,718.1927892,718.1927892,-266.7014064,-266.7014064,-266.7014064,140.9701222,140.9701222,140.9701222,-407.6715286,-407.6715286,-407.6715286,0,0,0,451.4913828,East,Technology
8/24/16,718.4250224,-1947.966884,1739.419978,718.4250224,718.4250224,-775.2043992,-775.2043992,-775.2043992,-314.0390775,-314.0390775,-314.0390775,-461.1653217,-461.1653217,-461.1653217,0,0,0,-56.77937675,East,Technology
9/7/16,719.5087776,-1120.407479,2391.799388,719.5087776,719.5087776,-72.64314929,-72.64314929,-72.64314929,-314.0390775,-314.0390775,-314.0390775,241.3959282,241.3959282,241.3959282,0,0,0,646.8656283,East,Technology
9/8/16,719.5861887,-654.4656781,3026.421342,719.5861887,719.5861887,406.4976677,406.4976677,406.4976677,122.3574146,122.3574146,122.3574146,284.1402531,284.1402531,284.1402531,0,0,0,1126.083856,East,Technology
9/10/16,719.7410109,-830.7096401,2978.165024,719.7410109,719.7410109,429.4602754,429.4602754,429.4602754,89.71066826,89.71066826,89.71066826,339.7496071,339.7496071,339.7496071,0,0,0,1149.201286,East,Technology
9/11/16,719.818422,-511.7049406,2893.662989,719.818422,719.818422,492.1046921,492.1046921,492.1046921,140.9701222,140.9701222,140.9701222,351.1345699,351.1345699,351.1345699,0,0,0,1211.923114,East,Technology
9/14/16,720.0506552,-1013.847439,2524.554828,720.0506552,720.0506552,3.47256568,3.47256568,3.47256568,-314.0390775,-314.0390775,-314.0390775,317.5116432,317.5116432,317.5116432,0,0,0,723.5232209,East,Technology
9/17/16,720.2828885,-867.7387484,2931.883365,720.2828885,720.2828885,283.5130607,283.5130607,283.5130607,89.71066826,89.71066826,89.71066826,193.8023925,193.8023925,193.8023925,0,0,0,1003.795949,East,Technology
9/18/16,720.3602996,-890.7879137,2785.772209,720.3602996,720.3602996,278.7877174,278.7877174,278.7877174,140.9701222,140.9701222,140.9701222,137.8175952,137.8175952,137.8175952,0,0,0,999.148017,East,Technology
9/19/16,720.4377106,-651.4294672,3009.941181,720.4377106,720.4377106,494.9574918,494.9574918,494.9574918,417.8457883,417.8457883,417.8457883,77.11170357,77.11170357,77.11170357,0,0,0,1215.395202,East,Technology
9/21/16,720.5925328,-1488.821077,2285.315379,720.5925328,720.5925328,-365.1342844,-365.1342844,-365.1342844,-314.0390775,-314.0390775,-314.0390775,-51.09520687,-51.09520687,-51.09520687,0,0,0,355.4582484,East,Technology
9/22/16,720.6699379,-1149.070462,2512.315502,720.6699379,720.6699379,7.594125371,7.594125371,7.594125371,122.3574146,122.3574146,122.3574146,-114.7632892,-114.7632892,-114.7632892,0,0,0,728.2640633,East,Technology
9/25/16,720.9021532,-1189.017831,2453.314631,720.9021532,720.9021532,-140.645351,-140.645351,-140.645351,140.9701222,140.9701222,140.9701222,-281.6154732,-281.6154732,-281.6154732,0,0,0,580.2568022,East,Technology
9/26/16,720.9795583,-926.345839,2571.793859,720.9795583,720.9795583,94.23345219,94.23345219,94.23345219,417.8457883,417.8457883,417.8457883,-323.6123361,-323.6123361,-323.6123361,0,0,0,815.2130105,East,Technology
9/28/16,721.1343685,-1644.654532,1825.725685,721.1343685,721.1343685,-693.2503292,-693.2503292,-693.2503292,-314.0390775,-314.0390775,-314.0390775,-379.2112517,-379.2112517,-379.2112517,0,0,0,27.88403932,East,Technology
10/12/16,722.2180399,-1268.517477,2487.641559,722.2180399,722.2180399,-65.44484176,-65.44484176,-65.44484176,-314.0390775,-314.0390775,-314.0390775,248.5942358,248.5942358,248.5942358,0,0,0,656.7731981,East,Technology
10/16/16,722.5276602,-544.1397635,3097.630741,722.5276602,722.5276602,606.8451662,606.8451662,606.8451662,140.9701222,140.9701222,140.9701222,465.875044,465.875044,465.875044,0,0,0,1329.372826,East,Technology
10/25/16,723.2243061,-846.1668533,2731.477604,723.2243061,723.2243061,287.1673428,287.1673428,287.1673428,-132.2181169,-132.2181169,-132.2181169,419.3854597,419.3854597,419.3854597,0,0,0,1010.391649,East,Technology
10/30/16,723.6113316,-679.3044572,2894.40156,723.6113316,723.6113316,322.4667119,322.4667119,322.4667119,140.9701222,140.9701222,140.9701222,181.4965897,181.4965897,181.4965897,0,0,0,1046.078043,East,Technology
11/4/16,723.9983571,-1577.078786,2114.427746,723.9983571,723.9983571,-315.8040451,-315.8040451,-315.8040451,-324.6267989,-324.6267989,-324.6267989,8.822753832,8.822753832,8.822753832,0,0,0,408.194312,East,Technology
11/7/16,724.2305724,-608.1621011,2900.276119,724.2305724,724.2305724,410.4071667,410.4071667,410.4071667,417.8457883,417.8457883,417.8457883,-7.438621594,-7.438621594,-7.438621594,0,0,0,1134.637739,East,Technology
11/8/16,724.3079775,-1071.731785,2369.768233,724.3079775,724.3079775,-128.5047453,-128.5047453,-128.5047453,-132.2181169,-132.2181169,-132.2181169,3.713371641,3.713371641,3.713371641,0,0,0,595.8032322,East,Technology
11/9/16,724.3853795,-1480.984009,2370.71223,724.3853795,724.3853795,-291.381504,-291.381504,-291.381504,-314.0390775,-314.0390775,-314.0390775,22.65757356,22.65757356,22.65757356,0,0,0,433.0038755,East,Technology
11/10/16,724.4627815,-972.761158,2802.568997,724.4627815,724.4627815,171.0957501,171.0957501,171.0957501,122.3574146,122.3574146,122.3574146,48.73833554,48.73833554,48.73833554,0,0,0,895.5585317,East,Technology
11/13/16,724.6949876,-707.91871,2748.818956,724.6949876,724.6949876,301.2343035,301.2343035,301.2343035,140.9701222,140.9701222,140.9701222,160.2641813,160.2641813,160.2641813,0,0,0,1025.929291,East,Technology
11/14/16,724.7723897,-411.3537364,3210.13351,724.7723897,724.7723897,622.4339325,622.4339325,622.4339325,417.8457883,417.8457883,417.8457883,204.5881442,204.5881442,204.5881442,0,0,0,1347.206322,East,Technology
11/19/16,725.1593998,-552.8173353,3077.959711,725.1593998,725.1593998,508.7128424,508.7128424,508.7128424,89.71066826,89.71066826,89.71066826,419.0021741,419.0021741,419.0021741,0,0,0,1233.872242,East,Technology
11/21/16,725.3142039,-142.6487876,3433.467019,725.3142039,725.3142039,895.6813281,895.6813281,895.6813281,417.8457883,417.8457883,417.8457883,477.8355399,477.8355399,477.8355399,0,0,0,1620.995532,East,Technology
11/23/16,725.469008,-840.5460572,2767.296615,725.469008,725.469008,195.9902633,195.9902633,195.9902633,-314.0390775,-314.0390775,-314.0390775,510.0293408,510.0293408,510.0293408,0,0,0,921.4592713,East,Technology
11/27/16,725.7786161,-332.3005589,3274.727777,725.7786161,725.7786161,626.3118654,626.3118654,626.3118654,140.9701222,140.9701222,140.9701222,485.3417432,485.3417432,485.3417432,0,0,0,1352.090482,East,Technology
11/30/16,726.0108222,-916.7317042,2558.498532,726.0108222,726.0108222,85.16806678,85.16806678,85.16806678,-314.0390775,-314.0390775,-314.0390775,399.2071443,399.2071443,399.2071443,0,0,0,811.178889,East,Technology
12/1/16,726.0882242,-610.8554625,2891.365383,726.0882242,726.0882242,484.3083002,484.3083002,484.3083002,122.3574146,122.3574146,122.3574146,361.9508856,361.9508856,361.9508856,0,0,0,1210.396524,East,Technology
12/9/16,726.7074405,-1373.36764,2185.461501,726.7074405,726.7074405,-246.3801449,-246.3801449,-246.3801449,-324.6267989,-324.6267989,-324.6267989,78.24665403,78.24665403,78.24665403,0,0,0,480.3272956,East,Technology
12/10/16,726.7848409,-948.968549,2707.156894,726.7848409,726.7848409,150.0794242,150.0794242,150.0794242,89.71066826,89.71066826,89.71066826,60.36875591,60.36875591,60.36875591,0,0,0,876.864265,East,Technology
12/15/16,727.1718426,-954.629224,2699.096196,727.1718426,727.1718426,187.1123493,187.1123493,187.1123493,122.3574146,122.3574146,122.3574146,64.75493466,64.75493466,64.75493466,0,0,0,914.2841919,East,Technology
12/18/16,727.4040437,-745.2874716,2800.907374,727.4040437,727.4040437,271.1195773,271.1195773,271.1195773,140.9701222,140.9701222,140.9701222,130.1494551,130.1494551,130.1494551,0,0,0,998.523621,East,Technology
12/19/16,727.4814441,-622.7826801,3115.826777,727.4814441,727.4814441,575.5166366,575.5166366,575.5166366,417.8457883,417.8457883,417.8457883,157.6708484,157.6708484,157.6708484,0,0,0,1302.998081,East,Technology
12/24/16,727.8684458,-669.082167,2862.130929,727.8684458,727.8684458,376.5436782,376.5436782,376.5436782,89.71066826,89.71066826,89.71066826,286.83301,286.83301,286.83301,0,0,0,1104.412124,East,Technology
12/25/16,727.9458462,-647.8249545,2888.47509,727.9458462,727.9458462,444.0087501,444.0087501,444.0087501,140.9701222,140.9701222,140.9701222,303.0386279,303.0386279,303.0386279,0,0,0,1171.954596,East,Technology
12/28/16,728.1780473,-1147.347591,2384.684236,728.1780473,728.1780473,2.188828392,2.188828392,2.188828392,-314.0390775,-314.0390775,-314.0390775,316.2279059,316.2279059,316.2279059,0,0,0,730.3668757,East,Technology
1/3/17,728.6424494,-1144.159087,2636.830703,728.6424494,728.6424494,28.24166503,28.24166503,28.24166503,-132.2181169,-132.2181169,-132.2181169,160.4597819,160.4597819,160.4597819,0,0,0,756.8841144,East,Technology
1/4/17,728.7198497,-1386.969035,2373.576647,728.7198497,728.7198497,-199.6388026,-199.6388026,-199.6388026,-314.0390775,-314.0390775,-314.0390775,114.4002749,114.4002749,114.4002749,0,0,0,529.0810471,East,Technology
1/7/17,728.9520508,-1015.088184,2500.247873,728.9520508,728.9520508,48.73125993,48.73125993,48.73125993,89.71066826,89.71066826,89.71066826,-40.97940833,-40.97940833,-40.97940833,0,0,0,777.6833107,East,Technology
1/9/17,729.1068515,-816.5901633,2749.205017,729.1068515,729.1068515,270.5774415,270.5774415,270.5774415,417.8457883,417.8457883,417.8457883,-147.2683467,-147.2683467,-147.2683467,0,0,0,999.6842931,East,Technology
1/12/17,729.3390387,-1170.487044,2423.72445,729.3390387,729.3390387,-165.1801321,-165.1801321,-165.1801321,122.3574146,122.3574146,122.3574146,-287.5375467,-287.5375467,-287.5375467,0,0,0,564.1589065,East,Technology
1/15/17,729.5712258,-1226.607884,2412.380235,729.5712258,729.5712258,-241.4470225,-241.4470225,-241.4470225,140.9701222,140.9701222,140.9701222,-382.4171447,-382.4171447,-382.4171447,0,0,0,488.1242033,East,Technology
1/17/17,729.7260172,-1599.326625,1959.018425,729.7260172,729.7260172,-545.3701892,-545.3701892,-545.3701892,-132.2181169,-132.2181169,-132.2181169,-413.1520723,-413.1520723,-413.1520723,0,0,0,184.355828,East,Technology
1/22/17,730.1129958,-1341.982503,2260.48556,730.1129958,730.1129958,-239.6352656,-239.6352656,-239.6352656,140.9701222,140.9701222,140.9701222,-380.6053878,-380.6053878,-380.6053878,0,0,0,490.4777302,East,Technology
1/23/17,730.1903915,-1141.306935,2531.352703,730.1903915,730.1903915,57.87855625,57.87855625,57.87855625,417.8457883,417.8457883,417.8457883,-359.967232,-359.967232,-359.967232,0,0,0,788.0689478,East,Technology
2/1/17,730.8869529,-1542.117183,1938.062125,730.8869529,730.8869529,-494.1043465,-494.1043465,-494.1043465,-314.0390775,-314.0390775,-314.0390775,-180.065269,-180.065269,-180.065269,0,0,0,236.7826065,East,Technology
2/12/17,731.7383058,-1269.345068,2223.415367,731.7383058,731.7383058,-238.3508011,-238.3508011,-238.3508011,140.9701222,140.9701222,140.9701222,-379.3209233,-379.3209233,-379.3209233,0,0,0,493.3875046,East,Technology
2/16/17,732.0478886,-1453.823855,2153.284112,732.0478886,732.0478886,-355.8440209,-355.8440209,-355.8440209,122.3574146,122.3574146,122.3574146,-478.2014355,-478.2014355,-478.2014355,0,0,0,376.2038677,East,Technology
2/21/17,732.4348672,-1679.318646,1952.550054,732.4348672,732.4348672,-635.38436,-635.38436,-635.38436,-132.2181169,-132.2181169,-132.2181169,-503.1662431,-503.1662431,-503.1662431,0,0,0,97.05050717,East,Technology
3/3/17,733.2088243,-1685.034592,1913.471286,733.2088243,733.2088243,-614.9368763,-614.9368763,-614.9368763,-324.6267989,-324.6267989,-324.6267989,-290.3100774,-290.3100774,-290.3100774,0,0,0,118.2719481,East,Technology
3/5/17,733.3636158,-1110.55733,2324.285622,733.3636158,733.3636158,-122.9464214,-122.9464214,-122.9464214,140.9701222,140.9701222,140.9701222,-263.9165436,-263.9165436,-263.9165436,0,0,0,610.4171944,East,Technology
3/9/17,733.6731696,-1221.959354,2290.501464,733.6731696,733.6731696,-160.863857,-160.863857,-160.863857,122.3574146,122.3574146,122.3574146,-283.2212716,-283.2212716,-283.2212716,0,0,0,572.8093126,East,Technology
3/11/17,733.8279466,-1298.52371,2304.630411,733.8279466,733.8279466,-242.4104425,-242.4104425,-242.4104425,89.71066826,89.71066826,89.71066826,-332.1211108,-332.1211108,-332.1211108,0,0,0,491.417504,East,Technology
3/13/17,733.9827235,-1093.115212,2486.828106,733.9827235,733.9827235,14.76759158,14.76759158,14.76759158,417.8457883,417.8457883,417.8457883,-403.0781967,-403.0781967,-403.0781967,0,0,0,748.7503151,East,Technology
3/15/17,734.1375004,-1885.746689,1696.997871,734.1375004,734.1375004,-802.4660323,-802.4660323,-802.4660323,-314.0390775,-314.0390775,-314.0390775,-488.4269548,-488.4269548,-488.4269548,0,0,0,-68.32853187,East,Technology
3/17/17,734.2922773,-1884.531522,1603.104438,734.2922773,734.2922773,-902.1982573,-902.1982573,-902.1982573,-324.6267989,-324.6267989,-324.6267989,-577.5714584,-577.5714584,-577.5714584,0,0,0,-167.9059799,East,Technology
3/29/17,735.2209389,-2079.98959,1693.151481,735.2209389,735.2209389,-861.7484429,-861.7484429,-861.7484429,-314.0390775,-314.0390775,-314.0390775,-547.7093653,-547.7093653,-547.7093653,0,0,0,-126.5275039,East,Technology
3/31/17,735.3757159,-1717.245728,1657.41389,735.3757159,735.3757159,-714.5724623,-714.5724623,-714.5724623,-324.6267989,-324.6267989,-324.6267989,-389.9456634,-389.9456634,-389.9456634,0,0,0,20.80325358,East,Technology
4/2/17,735.5304928,-1107.375692,2419.068932,735.5304928,735.5304928,-56.20540971,-56.20540971,-56.20540971,140.9701222,140.9701222,140.9701222,-197.1755319,-197.1755319,-197.1755319,0,0,0,679.3250831,East,Technology
4/3/17,735.6078813,-819.2630713,2718.132911,735.6078813,735.6078813,326.103361,326.103361,326.103361,417.8457883,417.8457883,417.8457883,-91.74242723,-91.74242723,-91.74242723,0,0,0,1061.711242,East,Technology
4/4/17,735.6852697,-1197.889933,2400.594748,735.6852697,735.6852697,-115.0959554,-115.0959554,-115.0959554,-132.2181169,-132.2181169,-132.2181169,17.12216156,17.12216156,17.12216156,0,0,0,620.5893144,East,Technology
4/6/17,735.8400466,-722.2434229,2928.201089,735.8400466,735.8400466,358.871492,358.871492,358.871492,122.3574146,122.3574146,122.3574146,236.5140774,236.5140774,236.5140774,0,0,0,1094.711539,East,Technology
4/10/17,736.1495947,-104.8660198,3543.893177,736.1495947,736.1495947,1037.765613,1037.765613,1037.765613,417.8457883,417.8457883,417.8457883,619.9198243,619.9198243,619.9198243,0,0,0,1773.915207,East,Technology
4/12/17,736.3043687,-759.1299542,3029.296289,736.3043687,736.3043687,437.5480351,437.5480351,437.5480351,-314.0390775,-314.0390775,-314.0390775,751.5871126,751.5871126,751.5871126,0,0,0,1173.852404,East,Technology
4/16/17,736.6139168,-149.2585034,3569.926901,736.6139168,736.6139168,981.4967454,981.4967454,981.4967454,140.9701222,140.9701222,140.9701222,840.5266232,840.5266232,840.5266232,0,0,0,1718.110662,East,Technology
4/19/17,736.8460778,-480.4942721,3025.875514,736.8460778,736.8460778,431.6947412,431.6947412,431.6947412,-314.0390775,-314.0390775,-314.0390775,745.7338187,745.7338187,745.7338187,0,0,0,1168.540819,East,Technology
4/25/17,737.3103999,-898.0260748,2553.711607,737.3103999,737.3103999,131.1337644,131.1337644,131.1337644,-132.2181169,-132.2181169,-132.2181169,263.3518813,263.3518813,263.3518813,0,0,0,868.4441643,East,Technology
5/4/17,738.006883,-1400.715961,2241.932961,738.006883,738.006883,-219.1249438,-219.1249438,-219.1249438,122.3574146,122.3574146,122.3574146,-341.4823584,-341.4823584,-341.4823584,0,0,0,518.8819392,East,Technology
5/9/17,738.393818,-1360.01802,2120.011722,738.393818,738.393818,-386.1809476,-386.1809476,-386.1809476,-132.2181169,-132.2181169,-132.2181169,-253.9628307,-253.9628307,-253.9628307,0,0,0,352.2128704,East,Technology
5/11/17,738.5485921,-1197.12657,2504.969527,738.5485921,738.5485921,-16.28548699,-16.28548699,-16.28548699,122.3574146,122.3574146,122.3574146,-138.6429016,-138.6429016,-138.6429016,0,0,0,722.2631051,East,Technology
5/22/17,739.3998492,-139.5584536,3379.470865,739.3998492,739.3998492,918.5633657,918.5633657,918.5633657,417.8457883,417.8457883,417.8457883,500.7175774,500.7175774,500.7175774,0,0,0,1657.963215,East,Technology
5/23/17,739.4772362,-864.8733155,2888.387987,739.4772362,739.4772362,373.9504018,373.9504018,373.9504018,-132.2181169,-132.2181169,-132.2181169,506.1685187,506.1685187,506.1685187,0,0,0,1113.427638,East,Technology
5/30/17,740.0189453,-1112.479681,2637.405805,740.0189453,740.0189453,71.10251329,71.10251329,71.10251329,-132.2181169,-132.2181169,-132.2181169,203.3206302,203.3206302,203.3206302,0,0,0,811.1214586,East,Technology
5/31/17,740.0963256,-1294.531697,2353.722382,740.0963256,740.0963256,-188.5038346,-188.5038346,-188.5038346,-314.0390775,-314.0390775,-314.0390775,125.5352429,125.5352429,125.5352429,0,0,0,551.592491,East,Technology
6/3/17,740.3284665,-1148.720948,2618.367424,740.3284665,740.3284665,-27.34899802,-27.34899802,-27.34899802,89.71066826,89.71066826,89.71066826,-117.0596663,-117.0596663,-117.0596663,0,0,0,712.9794685,East,Technology
6/4/17,740.4058468,-1078.152505,2517.767294,740.4058468,740.4058468,-52.46506741,-52.46506741,-52.46506741,140.9701222,140.9701222,140.9701222,-193.4351896,-193.4351896,-193.4351896,0,0,0,687.9407794,East,Technology
6/9/17,740.7927483,-1711.611947,1819.679896,740.7927483,740.7927483,-775.1140701,-775.1140701,-775.1140701,-324.6267989,-324.6267989,-324.6267989,-450.4872712,-450.4872712,-450.4872712,0,0,0,-34.32132178,East,Technology
6/12/17,741.0248893,-1190.034719,2489.415323,741.0248893,741.0248893,-39.95065683,-39.95065683,-39.95065683,417.8457883,417.8457883,417.8457883,-457.7964451,-457.7964451,-457.7964451,0,0,0,701.0742324,East,Technology
6/17/17,741.4117908,-1101.249207,2395.87854,741.4117908,741.4117908,-127.5996629,-127.5996629,-127.5996629,89.71066826,89.71066826,89.71066826,-217.3103312,-217.3103312,-217.3103312,0,0,0,613.8121279,East,Technology
6/20/17,741.6439317,-1030.545545,2468.401645,741.6439317,741.6439317,-110.4190297,-110.4190297,-110.4190297,-132.2181169,-132.2181169,-132.2181169,21.79908724,21.79908724,21.79908724,0,0,0,631.224902,East,Technology
6/26/17,742.1082136,-188.5622635,3427.875485,742.1082136,742.1082136,868.2026704,868.2026704,868.2026704,417.8457883,417.8457883,417.8457883,450.3568822,450.3568822,450.3568822,0,0,0,1610.310884,East,Technology
7/5/17,742.8046363,-1057.919024,2621.711181,742.8046363,742.8046363,46.16952429,46.16952429,46.16952429,-314.0390775,-314.0390775,-314.0390775,360.2086018,360.2086018,360.2086018,0,0,0,788.9741606,East,Technology
7/7/17,742.9593969,-1228.362333,2352.454339,742.9593969,742.9593969,-103.4256117,-103.4256117,-103.4256117,-324.6267989,-324.6267989,-324.6267989,221.2011872,221.2011872,221.2011872,0,0,0,639.5337852,East,Technology
7/11/17,743.2689181,-1278.725234,2356.87528,743.2689181,743.2689181,-222.6243138,-222.6243138,-222.6243138,-132.2181169,-132.2181169,-132.2181169,-90.40619692,-90.40619692,-90.40619692,0,0,0,520.6446043,East,Technology
7/16/17,743.655799,-1164.193818,2340.278819,743.655799,743.655799,-229.4632537,-229.4632537,-229.4632537,140.9701222,140.9701222,140.9701222,-370.4333759,-370.4333759,-370.4333759,0,0,0,514.1925453,East,Technology
7/17/17,743.7331752,-1134.191416,2529.59525,743.7331752,743.7331752,22.61137249,22.61137249,22.61137249,417.8457883,417.8457883,417.8457883,-395.2344158,-395.2344158,-395.2344158,0,0,0,766.3445477,East,Technology
7/20/17,743.9653037,-1350.094076,2178.031718,743.9653037,743.9653037,-271.5104613,-271.5104613,-271.5104613,122.3574146,122.3574146,122.3574146,-393.8678759,-393.8678759,-393.8678759,0,0,0,472.4548424,East,Technology
7/25/17,744.3521845,-1341.483863,2247.982968,744.3521845,744.3521845,-300.4784652,-300.4784652,-300.4784652,-132.2181169,-132.2181169,-132.2181169,-168.2603483,-168.2603483,-168.2603483,0,0,0,443.8737193,East,Technology
8/3/17,745.0485701,-589.0049279,3021.58562,745.0485701,745.0485701,494.6983487,494.6983487,494.6983487,122.3574146,122.3574146,122.3574146,372.3409341,372.3409341,372.3409341,0,0,0,1239.746919,East,Technology
8/5/17,745.2033224,-635.2717775,3007.77099,745.2033224,745.2033224,498.6517893,498.6517893,498.6517893,89.71066826,89.71066826,89.71066826,408.9411211,408.9411211,408.9411211,0,0,0,1243.855112,East,Technology
8/14/17,745.8997079,-655.7433376,2918.718724,745.8997079,745.8997079,455.3075025,455.3075025,455.3075025,417.8457883,417.8457883,417.8457883,37.46171424,37.46171424,37.46171424,0,0,0,1201.20721,East,Technology
8/18/17,746.2092126,-1665.893363,1887.771623,746.2092126,746.2092126,-568.9655716,-568.9655716,-568.9655716,-324.6267989,-324.6267989,-324.6267989,-244.3387727,-244.3387727,-244.3387727,0,0,0,177.243641,East,Technology
8/26/17,746.828222,-1376.11598,2176.612439,746.828222,746.828222,-353.3155063,-353.3155063,-353.3155063,89.71066826,89.71066826,89.71066826,-443.0261745,-443.0261745,-443.0261745,0,0,0,393.5127157,East,Technology
8/27/17,746.9055982,-1315.428385,2298.769478,746.9055982,746.9055982,-275.8739781,-275.8739781,-275.8739781,140.9701222,140.9701222,140.9701222,-416.8441003,-416.8441003,-416.8441003,0,0,0,471.0316201,East,Technology
8/29/17,747.0603505,-1437.565986,2132.146873,747.0603505,747.0603505,-466.1224321,-466.1224321,-466.1224321,-132.2181169,-132.2181169,-132.2181169,-333.9043151,-333.9043151,-333.9043151,0,0,0,280.9379184,East,Technology
8/30/17,747.1377266,-1660.204245,2057.565865,747.1377266,747.1377266,-593.6739053,-593.6739053,-593.6739053,-314.0390775,-314.0390775,-314.0390775,-279.6348278,-279.6348278,-279.6348278,0,0,0,153.4638213,East,Technology
9/3/17,747.447231,-918.793134,2767.200169,747.447231,747.447231,124.777765,124.777765,124.777765,140.9701222,140.9701222,140.9701222,-16.19235718,-16.19235718,-16.19235718,0,0,0,872.224996,East,Technology
9/10/17,747.9888637,-592.9060881,3012.295142,747.9888637,747.9888637,476.1152796,476.1152796,476.1152796,140.9701222,140.9701222,140.9701222,335.1451574,335.1451574,335.1451574,0,0,0,1224.104143,East,Technology
9/14/17,748.2983681,-567.8960792,2926.513617,748.2983681,748.2983681,446.4255549,446.4255549,446.4255549,122.3574146,122.3574146,122.3574146,324.0681403,324.0681403,324.0681403,0,0,0,1194.723923,East,Technology
9/17/17,748.5304964,-729.2257329,2943.055922,748.5304964,748.5304964,347.8296021,347.8296021,347.8296021,140.9701222,140.9701222,140.9701222,206.8594799,206.8594799,206.8594799,0,0,0,1096.360098,East,Technology
10/3/17,749.7685139,-1540.251508,2149.116936,749.7685139,749.7685139,-467.0937355,-467.0937355,-467.0937355,-132.2181169,-132.2181169,-132.2181169,-334.8756186,-334.8756186,-334.8756186,0,0,0,282.6747784,East,Technology
10/5/17,749.9232661,-1160.612547,2424.52517,749.9232661,749.9232661,-122.6321527,-122.6321527,-122.6321527,122.3574146,122.3574146,122.3574146,-244.9895673,-244.9895673,-244.9895673,0,0,0,627.2911134,East,Technology
10/7/17,750.0780183,-999.4129398,2635.346595,750.0780183,750.0780183,-34.07567497,-34.07567497,-34.07567497,89.71066826,89.71066826,89.71066826,-123.7863432,-123.7863432,-123.7863432,0,0,0,716.0023433,East,Technology
10/11/17,750.3875227,-1155.439409,2381.42646,750.3875227,750.3875227,-152.3198102,-152.3198102,-152.3198102,-314.0390775,-314.0390775,-314.0390775,161.7192673,161.7192673,161.7192673,0,0,0,598.0677125,East,Technology
10/14/17,750.619651,-531.920527,2900.168829,750.619651,750.619651,447.5192521,447.5192521,447.5192521,89.71066826,89.71066826,89.71066826,357.8085839,357.8085839,357.8085839,0,0,0,1198.138903,East,Technology
10/21/17,751.1612837,-490.4335541,3144.173252,751.1612837,751.1612837,624.5978825,624.5978825,624.5978825,89.71066826,89.71066826,89.71066826,534.8872142,534.8872142,534.8872142,0,0,0,1375.759166,East,Technology
11/1/17,752.0124274,-1263.135167,2349.314962,752.0124274,752.0124274,-209.0715117,-209.0715117,-209.0715117,-314.0390775,-314.0390775,-314.0390775,104.9675658,104.9675658,104.9675658,0,0,0,542.9409157,East,Technology
11/6/17,752.3993109,-644.1191791,3076.846072,752.3993109,752.3993109,408.0444349,408.0444349,408.0444349,417.8457883,417.8457883,417.8457883,-9.801353385,-9.801353385,-9.801353385,0,0,0,1160.443746,East,Technology
11/9/17,752.631441,-973.8283357,2839.602816,752.631441,752.631441,139.5804761,139.5804761,139.5804761,122.3574146,122.3574146,122.3574146,17.2230615,17.2230615,17.2230615,0,0,0,892.2119171,East,Technology
11/11/17,752.7861944,-794.0966769,2609.630995,752.7861944,752.7861944,162.1789917,162.1789917,162.1789917,89.71066826,89.71066826,89.71066826,72.46832348,72.46832348,72.46832348,0,0,0,914.9651861,East,Technology
11/12/17,752.8635711,-816.0596218,2726.711791,752.8635711,752.8635711,249.8134011,249.8134011,249.8134011,140.9701222,140.9701222,140.9701222,108.8432789,108.8432789,108.8432789,0,0,0,1002.676972,East,Technology
11/13/17,752.9409478,-503.0410389,3067.632026,752.9409478,752.9409478,567.4019881,567.4019881,567.4019881,417.8457883,417.8457883,417.8457883,149.5561998,149.5561998,149.5561998,0,0,0,1320.342936,East,Technology
11/14/17,753.0183245,-977.6737968,2623.934654,753.0183245,753.0183245,61.10806495,61.10806495,61.10806495,-132.2181169,-132.2181169,-132.2181169,193.3261819,193.3261819,193.3261819,0,0,0,814.1263895,East,Technology
11/20/17,753.4825847,-137.5570991,3354.673168,753.4825847,753.4825847,861.6826924,861.6826924,861.6826924,417.8457883,417.8457883,417.8457883,443.8369042,443.8369042,443.8369042,0,0,0,1615.165277,East,Technology
11/21/17,753.5599614,-524.306233,2935.678183,753.5599614,753.5599614,339.6156684,339.6156684,339.6156684,-132.2181169,-132.2181169,-132.2181169,471.8337853,471.8337853,471.8337853,0,0,0,1093.17563,East,Technology
11/24/17,753.7920915,-667.0085599,2870.278736,753.7920915,753.7920915,189.8370571,189.8370571,189.8370571,-324.6267989,-324.6267989,-324.6267989,514.463856,514.463856,514.463856,0,0,0,943.6291487,East,Technology
11/25/17,753.8694682,-406.6866139,3269.960974,753.8694682,753.8694682,603.4480476,603.4480476,603.4480476,89.71066826,89.71066826,89.71066826,513.7373794,513.7373794,513.7373794,0,0,0,1357.317516,East,Technology
11/26/17,753.946845,-372.1015805,3222.141632,753.946845,753.946845,646.5134672,646.5134672,646.5134672,140.9701222,140.9701222,140.9701222,505.543345,505.543345,505.543345,0,0,0,1400.460312,East,Technology
11/28/17,754.1015986,-639.3396469,2941.79628,754.1015986,754.1015986,336.1169534,336.1169534,336.1169534,-132.2181169,-132.2181169,-132.2181169,468.3350703,468.3350703,468.3350703,0,0,0,1090.218552,East,Technology
12/5/17,754.6432361,-965.377561,2599.901028,754.6432361,754.6432361,78.76116481,78.76116481,78.76116481,-132.2181169,-132.2181169,-132.2181169,210.9792817,210.9792817,210.9792817,0,0,0,833.4044009,East,Technology
12/6/17,754.7206129,-1199.34701,2327.448655,754.7206129,754.7206129,-140.743558,-140.743558,-140.743558,-314.0390775,-314.0390775,-314.0390775,173.2955195,173.2955195,173.2955195,0,0,0,613.9770549,East,Technology
12/12/17,755.1848736,-1156.396712,2384.01528,755.1848736,755.1848736,-88.03417449,-88.03417449,-88.03417449,-132.2181169,-132.2181169,-132.2181169,44.18394242,44.18394242,44.18394242,0,0,0,667.1506991,East,Technology
12/23/17,756.0360182,-739.6194241,2860.754862,756.0360182,756.0360182,349.9057698,349.9057698,349.9057698,89.71066826,89.71066826,89.71066826,260.1951015,260.1951015,260.1951015,0,0,0,1105.941788,East,Technology
12/24/17,756.113395,-539.4817966,3003.96849,756.113395,756.113395,422.9935706,422.9935706,422.9935706,140.9701222,140.9701222,140.9701222,282.0234484,282.0234484,282.0234484,0,0,0,1179.106966,East,Technology
12/26/17,756.2681486,-899.6642303,2730.317773,756.2681486,756.2681486,179.4240794,179.4240794,179.4240794,-132.2181169,-132.2181169,-132.2181169,311.6421963,311.6421963,311.6421963,0,0,0,935.692228,East,Technology
12/27/17,756.3455254,-991.5620998,2631.986959,756.3455254,756.3455254,3.766593416,3.766593416,3.766593416,-314.0390775,-314.0390775,-314.0390775,317.8056709,317.8056709,317.8056709,0,0,0,760.1121188,East,Technology
1/6/18,757.1192933,-873.854186,2631.637717,757.1192933,757.1192933,115.4780623,115.4780623,115.4780623,89.71066826,89.71066826,89.71066826,25.76739408,25.76739408,25.76739408,0,0,0,872.5973556,East,Technology
1/10/18,757.4288004,-1497.040005,1943.64248,757.4288004,757.4288004,-499.3738176,-499.3738176,-499.3738176,-314.0390775,-314.0390775,-314.0390775,-185.3347401,-185.3347401,-185.3347401,0,0,0,258.0549828,East,Technology
1/12/18,757.5835596,-1578.126925,1875.222092,757.5835596,757.5835596,-601.9192857,-601.9192857,-601.9192857,-324.6267989,-324.6267989,-324.6267989,-277.2924868,-277.2924868,-277.2924868,0,0,0,155.6642739,East,Technology
1/19/18,758.1252169,-1685.61002,1888.933012,758.1252169,758.1252169,-742.7307442,-742.7307442,-742.7307442,-324.6267989,-324.6267989,-324.6267989,-418.1039453,-418.1039453,-418.1039453,0,0,0,15.39447271,East,Technology
1/27/18,758.7442537,-1202.144286,2343.716923,758.7442537,758.7442537,-178.2113735,-178.2113735,-178.2113735,89.71066826,89.71066826,89.71066826,-267.9220418,-267.9220418,-267.9220418,0,0,0,580.5328802,East,Technology
1/28/18,758.8216333,-1144.124842,2349.448966,758.8216333,758.8216333,-103.3735323,-103.3735323,-103.3735323,140.9701222,140.9701222,140.9701222,-244.3436545,-244.3436545,-244.3436545,0,0,0,655.448101,East,Technology
2/2/18,759.2085314,-1659.057098,2133.604198,759.2085314,759.2085314,-501.8331045,-501.8331045,-501.8331045,-324.6267989,-324.6267989,-324.6267989,-177.2063056,-177.2063056,-177.2063056,0,0,0,257.3754269,East,Technology
2/6/18,759.5180498,-1283.35304,2395.397698,759.5180498,759.5180498,-343.543885,-343.543885,-343.543885,-132.2181169,-132.2181169,-132.2181169,-211.3257681,-211.3257681,-211.3257681,0,0,0,415.9741648,East,Technology
2/9/18,759.7501886,-1589.200441,1936.269426,759.7501886,759.7501886,-607.3647227,-607.3647227,-607.3647227,-324.6267989,-324.6267989,-324.6267989,-282.7379238,-282.7379238,-282.7379238,0,0,0,152.3854659,East,Technology
2/10/18,759.8275682,-1156.086486,2306.028757,759.8275682,759.8275682,-222.0164797,-222.0164797,-222.0164797,89.71066826,89.71066826,89.71066826,-311.727148,-311.727148,-311.727148,0,0,0,537.8110885,East,Technology
2/11/18,759.9049478,-1231.264596,2544.877421,759.9049478,759.9049478,-200.8096717,-200.8096717,-200.8096717,140.9701222,140.9701222,140.9701222,-341.7797939,-341.7797939,-341.7797939,0,0,0,559.0952761,East,Technology
2/12/18,759.9823275,-1055.494096,2527.233735,759.9823275,759.9823275,45.94709409,45.94709409,45.94709409,417.8457883,417.8457883,417.8457883,-371.8986942,-371.8986942,-371.8986942,0,0,0,805.9294215,East,Technology
2/16/18,760.2918459,-1797.586989,1748.456381,760.2918459,760.2918459,-798.2710321,-798.2710321,-798.2710321,-324.6267989,-324.6267989,-324.6267989,-473.6442332,-473.6442332,-473.6442332,0,0,0,-37.97918617,East,Technology
2/17/18,760.3692226,-1420.45619,2118.101406,760.3692226,760.3692226,-400.4502965,-400.4502965,-400.4502965,89.71066826,89.71066826,89.71066826,-490.1609647,-490.1609647,-490.1609647,0,0,0,359.9189261,East,Technology
2/24/18,760.9108595,-1483.365794,2203.328976,760.9108595,760.9108595,-373.3323117,-373.3323117,-373.3323117,89.71066826,89.71066826,89.71066826,-463.0429799,-463.0429799,-463.0429799,0,0,0,387.5785478,East,Technology
3/6/18,761.6846265,-1451.63655,2153.815215,761.6846265,761.6846265,-391.8856338,-391.8856338,-391.8856338,-132.2181169,-132.2181169,-132.2181169,-259.6675169,-259.6675169,-259.6675169,0,0,0,369.7989927,East,Technology
3/7/18,761.7620032,-1453.402441,1992.16902,761.7620032,761.7620032,-573.4961944,-573.4961944,-573.4961944,-314.0390775,-314.0390775,-314.0390775,-259.4571169,-259.4571169,-259.4571169,0,0,0,188.2658088,East,Technology
3/10/18,761.9941333,-1183.857396,2375.024311,761.9941333,761.9941333,-208.9227929,-208.9227929,-208.9227929,89.71066826,89.71066826,89.71066826,-298.6334612,-298.6334612,-298.6334612,0,0,0,553.0713403,East,Technology
3/11/18,762.07151,-1338.138557,2454.12498,762.07151,762.07151,-183.7126604,-183.7126604,-183.7126604,140.9701222,140.9701222,140.9701222,-324.6827826,-324.6827826,-324.6827826,0,0,0,578.3588496,East,Technology
3/12/18,762.1488867,-804.9722053,2710.636183,762.1488867,762.1488867,61.36280005,61.36280005,61.36280005,417.8457883,417.8457883,417.8457883,-356.4829882,-356.4829882,-356.4829882,0,0,0,823.5116867,East,Technology
3/13/18,762.2262634,-1593.535217,1978.933919,762.2262634,762.2262634,-525.4505558,-525.4505558,-525.4505558,-132.2181169,-132.2181169,-132.2181169,-393.2324389,-393.2324389,-393.2324389,0,0,0,236.7757076,East,Technology
3/16/18,762.4583935,-1945.647174,1641.561619,762.4583935,762.4583935,-846.6790544,-846.6790544,-846.6790544,-324.6267989,-324.6267989,-324.6267989,-522.0522555,-522.0522555,-522.0522555,0,0,0,-84.2206609,East,Technology
3/17/18,762.5357702,-1523.862428,2065.63109,762.5357702,762.5357702,-476.9245834,-476.9245834,-476.9245834,89.71066826,89.71066826,89.71066826,-566.6352516,-566.6352516,-566.6352516,0,0,0,285.6111868,East,Technology
3/20/18,762.7679003,-1764.508001,1844.002497,762.7679003,762.7679003,-815.6222916,-815.6222916,-815.6222916,-132.2181169,-132.2181169,-132.2181169,-683.4041747,-683.4041747,-683.4041747,0,0,0,-52.85439134,East,Technology
3/24/18,763.0774075,-1661.951841,1902.328758,763.0774075,763.0774075,-652.1437648,-652.1437648,-652.1437648,89.71066826,89.71066826,89.71066826,-741.8544331,-741.8544331,-741.8544331,0,0,0,110.9336427,East,Technology
3/26/18,763.2321611,-1291.680695,2142.001811,763.2321611,763.2321611,-289.5890224,-289.5890224,-289.5890224,417.8457883,417.8457883,417.8457883,-707.4348107,-707.4348107,-707.4348107,0,0,0,473.6431387,East,Technology
3/31/18,763.6190452,-1197.389368,2219.863709,763.6190452,763.6190452,-322.1047453,-322.1047453,-322.1047453,89.71066826,89.71066826,89.71066826,-411.8154135,-411.8154135,-411.8154135,0,0,0,441.5142999,East,Technology
4/4/18,763.9285524,-1320.515572,2072.567196,763.9285524,763.9285524,-324.339819,-324.339819,-324.339819,-314.0390775,-314.0390775,-314.0390775,-10.30074144,-10.30074144,-10.30074144,0,0,0,439.5887335,East,Technology
4/9/18,764.3154365,-80.18695895,3492.636461,764.3154365,764.3154365,931.7189321,931.7189321,931.7189321,417.8457883,417.8457883,417.8457883,513.8731438,513.8731438,513.8731438,0,0,0,1696.034369,East,Technology
4/11/18,764.4701901,-566.0871525,2983.049994,764.4701901,764.4701901,361.2308091,361.2308091,361.2308091,-314.0390775,-314.0390775,-314.0390775,675.2698866,675.2698866,675.2698866,0,0,0,1125.700999,East,Technology
4/12/18,764.5475669,-119.1207203,3326.910667,764.5475669,764.5475669,860.374255,860.374255,860.374255,122.3574146,122.3574146,122.3574146,738.0168404,738.0168404,738.0168404,0,0,0,1624.921822,East,Technology
4/24/18,765.4760887,-776.2693956,2923.875789,765.4760887,765.4760887,249.1738989,249.1738989,249.1738989,-132.2181169,-132.2181169,-132.2181169,381.3920158,381.3920158,381.3920158,0,0,0,1014.649988,East,Technology
4/30/18,765.9403495,-739.6669109,2923.342579,765.9403495,765.9403495,267.9486118,267.9486118,267.9486118,417.8457883,417.8457883,417.8457883,-149.8971765,-149.8971765,-149.8971765,0,0,0,1033.888961,East,Technology
5/10/18,766.7141176,-1070.898558,2479.149477,766.7141176,766.7141176,-92.46022903,-92.46022903,-92.46022903,122.3574146,122.3574146,122.3574146,-214.8176436,-214.8176436,-214.8176436,0,0,0,674.2538886,East,Technology
5/11/18,766.7914944,-1534.650117,2140.119261,766.7914944,766.7914944,-479.459548,-479.459548,-479.459548,-324.6267989,-324.6267989,-324.6267989,-154.8327492,-154.8327492,-154.8327492,0,0,0,287.3319464,East,Technology
5/12/18,766.8688722,-1035.274553,2687.72895,766.8688722,766.8688722,1.992062816,1.992062816,1.992062816,89.71066826,89.71066826,89.71066826,-87.71860544,-87.71860544,-87.71860544,0,0,0,768.860935,East,Technology
5/14/18,767.0236277,-681.9552157,3096.86125,767.0236277,767.0236277,477.169035,477.169035,477.169035,417.8457883,417.8457883,417.8457883,59.32324673,59.32324673,59.32324673,0,0,0,1244.192663,East,Technology
5/18/18,767.3331387,-995.9242749,2645.527619,767.3331387,767.3331387,16.34107652,16.34107652,16.34107652,-324.6267989,-324.6267989,-324.6267989,340.9678754,340.9678754,340.9678754,0,0,0,783.6742152,East,Technology
5/19/18,767.4105165,-429.0127125,3005.428629,767.4105165,767.4105165,485.8093341,485.8093341,485.8093341,89.71066826,89.71066826,89.71066826,396.0986658,396.0986658,396.0986658,0,0,0,1253.219851,East,Technology
5/25/18,767.874783,-992.5454709,2670.183023,767.874783,767.874783,158.9547208,158.9547208,158.9547208,-324.6267989,-324.6267989,-324.6267989,483.5815197,483.5815197,483.5815197,0,0,0,926.8295038,East,Technology
6/2/18,768.493805,-1094.004441,2681.369253,768.493805,768.493805,73.13543472,73.13543472,73.13543472,89.71066826,89.71066826,89.71066826,-16.57523354,-16.57523354,-16.57523354,0,0,0,841.6292397,East,Technology
6/8/18,768.9580715,-1723.941992,1918.552665,768.9580715,768.9580715,-736.4295952,-736.4295952,-736.4295952,-324.6267989,-324.6267989,-324.6267989,-411.8027963,-411.8027963,-411.8027963,0,0,0,32.52847634,East,Technology
6/10/18,769.112827,-1390.899637,2162.951329,769.112827,769.112827,-322.9067497,-322.9067497,-322.9067497,140.9701222,140.9701222,140.9701222,-463.8768719,-463.8768719,-463.8768719,0,0,0,446.2060773,East,Technology
6/16/18,769.5770936,-1274.546352,2391.717998,769.5770936,769.5770936,-212.1630831,-212.1630831,-212.1630831,89.71066826,89.71066826,89.71066826,-301.8737514,-301.8737514,-301.8737514,0,0,0,557.4140104,East,Technology
6/17/18,769.6544713,-1032.423785,2479.577599,769.6544713,769.6544713,-94.23986463,-94.23986463,-94.23986463,140.9701222,140.9701222,140.9701222,-235.2099868,-235.2099868,-235.2099868,0,0,0,675.4146067,East,Technology
6/19/18,769.8092268,-1127.663668,2399.506484,769.8092268,769.8092268,-213.9220248,-213.9220248,-213.9220248,-132.2181169,-132.2181169,-132.2181169,-81.70390786,-81.70390786,-81.70390786,0,0,0,555.887202,East,Technology
6/20/18,769.8866046,-1320.674581,2195.000722,769.8866046,769.8866046,-313.125904,-313.125904,-313.125904,-314.0390775,-314.0390775,-314.0390775,0.91317348,0.91317348,0.91317348,0,0,0,456.7607005,East,Technology
6/26/18,770.350871,-804.2210774,3006.504775,770.350871,770.350871,305.9517152,305.9517152,305.9517152,-132.2181169,-132.2181169,-132.2181169,438.1698322,438.1698322,438.1698322,0,0,0,1076.302586,East,Technology
7/3/18,770.8925153,-657.8534313,2760.931962,770.8925153,770.8925153,344.5623167,344.5623167,344.5623167,-132.2181169,-132.2181169,-132.2181169,476.7804336,476.7804336,476.7804336,0,0,0,1115.454832,East,Technology
7/7/18,771.2020262,-704.6365273,2957.949144,771.2020262,771.2020262,329.5654967,329.5654967,329.5654967,89.71066826,89.71066826,89.71066826,239.8548285,239.8548285,239.8548285,0,0,0,1100.767523,East,Technology
7/11/18,771.5115372,-1388.210431,2244.270341,771.5115372,771.5115372,-385.6224862,-385.6224862,-385.6224862,-314.0390775,-314.0390775,-314.0390775,-71.58340864,-71.58340864,-71.58340864,0,0,0,385.8890511,East,Technology
7/12/18,771.588915,-946.8635887,2535.250573,771.588915,771.588915,-22.7192918,-22.7192918,-22.7192918,122.3574146,122.3574146,122.3574146,-145.0767064,-145.0767064,-145.0767064,0,0,0,748.8696232,East,Technology
7/13/18,771.6662927,-1596.108322,2022.780964,771.6662927,771.6662927,-537.2483025,-537.2483025,-537.2483025,-324.6267989,-324.6267989,-324.6267989,-212.6215036,-212.6215036,-212.6215036,0,0,0,234.4179902,East,Technology
7/14/18,771.7436705,-1301.58548,2250.699784,771.7436705,771.7436705,-182.6628951,-182.6628951,-182.6628951,89.71066826,89.71066826,89.71066826,-272.3735634,-272.3735634,-272.3735634,0,0,0,589.0807753,East,Technology
7/15/18,771.8210482,-1271.182825,2437.495472,771.8210482,771.8210482,-181.751926,-181.751926,-181.751926,140.9701222,140.9701222,140.9701222,-322.7220482,-322.7220482,-322.7220482,0,0,0,590.0691222,East,Technology
7/17/18,771.9758037,-1590.291039,1982.473676,771.9758037,771.9758037,-522.4112538,-522.4112538,-522.4112538,-132.2181169,-132.2181169,-132.2181169,-390.1931368,-390.1931368,-390.1931368,0,0,0,249.5645499,East,Technology
7/18/18,772.0531814,-1598.249533,1916.41765,772.0531814,772.0531814,-719.6625586,-719.6625586,-719.6625586,-314.0390775,-314.0390775,-314.0390775,-405.6234811,-405.6234811,-405.6234811,0,0,0,52.39062279,East,Technology
7/21/18,772.2853147,-1263.164185,2321.666805,772.2853147,772.2853147,-286.3268939,-286.3268939,-286.3268939,89.71066826,89.71066826,89.71066826,-376.0375622,-376.0375622,-376.0375622,0,0,0,485.9584207,East,Technology
7/22/18,772.3626924,-1236.684949,2347.641481,772.3626924,772.3626924,-201.2939541,-201.2939541,-201.2939541,140.9701222,140.9701222,140.9701222,-342.2640763,-342.2640763,-342.2640763,0,0,0,571.0687383,East,Technology
7/27/18,772.7495811,-1401.850472,2293.717072,772.7495811,772.7495811,-373.2983621,-373.2983621,-373.2983621,-324.6267989,-324.6267989,-324.6267989,-48.67156325,-48.67156325,-48.67156325,0,0,0,399.451219,East,Technology
7/30/18,772.9817144,-387.4190499,3193.529635,772.9817144,772.9817144,578.0014941,578.0014941,578.0014941,417.8457883,417.8457883,417.8457883,160.1557058,160.1557058,160.1557058,0,0,0,1350.983208,East,Technology
7/31/18,773.0590921,-1069.010366,2643.961713,773.0590921,773.0590921,90.63367713,90.63367713,90.63367713,-132.2181169,-132.2181169,-132.2181169,222.851794,222.851794,222.851794,0,0,0,863.6927693,East,Technology
8/7/18,773.6007363,-791.2274225,2776.368465,773.6007363,773.6007363,268.9827553,268.9827553,268.9827553,-132.2181169,-132.2181169,-132.2181169,401.2008722,401.2008722,401.2008722,0,0,0,1042.583492,East,Technology
8/9/18,773.7554918,-569.6589926,3052.798968,773.7554918,773.7554918,470.0287439,470.0287439,470.0287439,122.3574146,122.3574146,122.3574146,347.6713293,347.6713293,347.6713293,0,0,0,1243.784236,East,Technology
8/12/18,773.9876251,-677.6969916,2873.590372,773.9876251,773.9876251,333.2040808,333.2040808,333.2040808,140.9701222,140.9701222,140.9701222,192.2339586,192.2339586,192.2339586,0,0,0,1107.191706,East,Technology
8/18/18,774.4518915,-1232.050741,2411.3195,774.4518915,774.4518915,-138.6569556,-138.6569556,-138.6569556,89.71066826,89.71066826,89.71066826,-228.3676238,-228.3676238,-228.3676238,0,0,0,635.794936,East,Technology
8/27/18,775.1482912,-1025.00382,2655.451061,775.1482912,775.1482912,-6.571133208,-6.571133208,-6.571133208,417.8457883,417.8457883,417.8457883,-424.4169215,-424.4169215,-424.4169215,0,0,0,768.577158,East,Technology
9/7/18,775.9994464,-1080.140359,2510.795887,775.9994464,775.9994464,-107.8673339,-107.8673339,-107.8673339,-324.6267989,-324.6267989,-324.6267989,216.759465,216.759465,216.759465,0,0,0,668.1321126,East,Technology
9/9/18,776.1542019,-571.3527113,3077.366844,776.1542019,776.1542019,442.9225059,442.9225059,442.9225059,140.9701222,140.9701222,140.9701222,301.9523837,301.9523837,301.9523837,0,0,0,1219.076708,East,Technology
9/11/18,776.3089574,-835.685692,2902.012513,776.3089574,776.3089574,214.6405858,214.6405858,214.6405858,-132.2181169,-132.2181169,-132.2181169,346.8587028,346.8587028,346.8587028,0,0,0,990.9495433,East,Technology
9/14/18,776.5410907,-1048.751775,2668.998872,776.5410907,776.5410907,5.345527713,5.345527713,5.345527713,-324.6267989,-324.6267989,-324.6267989,329.9723266,329.9723266,329.9723266,0,0,0,781.8866184,East,Technology
9/15/18,776.6184684,-700.2778891,3039.118098,776.6184684,776.6184684,392.2057514,392.2057514,392.2057514,89.71066826,89.71066826,89.71066826,302.4950832,302.4950832,302.4950832,0,0,0,1168.82422,East,Technology
9/16/18,776.6958462,-572.1847033,3033.43151,776.6958462,776.6958462,406.2545604,406.2545604,406.2545604,140.9701222,140.9701222,140.9701222,265.2844382,265.2844382,265.2844382,0,0,0,1182.950407,East,Technology
9/17/18,776.7732239,-269.8353822,3138.780265,776.7732239,776.7732239,637.3361547,637.3361547,637.3361547,417.8457883,417.8457883,417.8457883,219.4903664,219.4903664,219.4903664,0,0,0,1414.109379,East,Technology
9/20/18,777.0053571,-873.0705406,2722.411372,777.0053571,777.0053571,167.9112256,167.9112256,167.9112256,122.3574146,122.3574146,122.3574146,45.55381101,45.55381101,45.55381101,0,0,0,944.9165827,East,Technology
9/22/18,777.1601126,-1006.373163,2630.774887,777.1601126,777.1601126,6.544580056,6.544580056,6.544580056,89.71066826,89.71066826,89.71066826,-83.1660882,-83.1660882,-83.1660882,0,0,0,783.7046927,East,Technology
9/24/18,777.3148681,-931.0307004,2739.345651,777.3148681,777.3148681,213.4690593,213.4690593,213.4690593,417.8457883,417.8457883,417.8457883,-204.376729,-204.376729,-204.376729,0,0,0,990.7839274,East,Technology
9/25/18,777.3922459,-1381.745569,2199.730426,777.3922459,777.3922459,-389.8047596,-389.8047596,-389.8047596,-132.2181169,-132.2181169,-132.2181169,-257.5866427,-257.5866427,-257.5866427,0,0,0,387.5874863,East,Technology
9/29/18,777.7017568,-1397.488083,2224.902536,777.7017568,777.7017568,-296.8166439,-296.8166439,-296.8166439,89.71066826,89.71066826,89.71066826,-386.5273121,-386.5273121,-386.5273121,0,0,0,480.885113,East,Technology
10/3/18,778.0112678,-1797.742082,1932.74942,778.0112678,778.0112678,-657.4576515,-657.4576515,-657.4576515,-314.0390775,-314.0390775,-314.0390775,-343.418574,-343.418574,-343.418574,0,0,0,120.5536163,East,Technology
10/4/18,778.0886456,-1190.241835,2391.068105,778.0886456,778.0886456,-183.1361712,-183.1361712,-183.1361712,122.3574146,122.3574146,122.3574146,-305.4935858,-305.4935858,-305.4935858,0,0,0,594.9524744,East,Technology
10/9/18,778.4755343,-1125.112125,2522.51619,778.4755343,778.4755343,-133.8369562,-133.8369562,-133.8369562,-132.2181169,-132.2181169,-132.2181169,-1.618839327,-1.618839327,-1.618839327,0,0,0,644.638578,East,Technology
10/11/18,778.6302898,-742.2010075,2876.222667,778.6302898,778.6302898,266.1482587,266.1482587,266.1482587,122.3574146,122.3574146,122.3574146,143.7908441,143.7908441,143.7908441,0,0,0,1044.778548,East,Technology
10/12/18,778.7076675,-1191.985883,2466.985483,778.7076675,778.7076675,-110.1220204,-110.1220204,-110.1220204,-324.6267989,-324.6267989,-324.6267989,214.5047785,214.5047785,214.5047785,0,0,0,668.5856472,East,Technology
10/19/18,779.2493117,-903.7817791,2707.475426,779.2493117,779.2493117,206.1639114,206.1639114,206.1639114,-324.6267989,-324.6267989,-324.6267989,530.7907103,530.7907103,530.7907103,0,0,0,985.4132231,East,Technology
10/21/18,779.4040672,-300.0050952,3304.394192,779.4040672,779.4040672,677.9022836,677.9022836,677.9022836,140.9701222,140.9701222,140.9701222,536.9321614,536.9321614,536.9321614,0,0,0,1457.306351,East,Technology
10/22/18,779.481445,89.13896579,3499.876702,779.481445,779.481445,943.0355087,943.0355087,943.0355087,417.8457883,417.8457883,417.8457883,525.1897204,525.1897204,525.1897204,0,0,0,1722.516954,East,Technology
10/23/18,779.5588227,-655.5810081,2909.570866,779.5588227,779.5588227,372.1739884,372.1739884,372.1739884,-132.2181169,-132.2181169,-132.2181169,504.3921053,504.3921053,504.3921053,0,0,0,1151.732811,East,Technology
10/26/18,779.790956,-1015.169919,2756.100281,779.790956,779.790956,73.3499594,73.3499594,73.3499594,-324.6267989,-324.6267989,-324.6267989,397.9767583,397.9767583,397.9767583,0,0,0,853.1409154,East,Technology
10/30/18,780.1004669,-915.9475207,2554.623856,780.1004669,780.1004669,73.06974998,73.06974998,73.06974998,-132.2181169,-132.2181169,-132.2181169,205.2878669,205.2878669,205.2878669,0,0,0,853.1702169,East,Technology
11/3/18,780.4099779,-1017.112192,2773.886998,780.4099779,780.4099779,133.8969132,133.8969132,133.8969132,89.71066826,89.71066826,89.71066826,44.18624498,44.18624498,44.18624498,0,0,0,914.3068912,East,Technology
11/4/18,780.4873557,-805.4312879,2836.544959,780.4873557,780.4873557,159.6826483,159.6826483,159.6826483,140.9701222,140.9701222,140.9701222,18.71252609,18.71252609,18.71252609,0,0,0,940.170004,East,Technology
11/7/18,780.7194889,-1310.870461,2246.695294,780.7194889,780.7194889,-323.9900904,-323.9900904,-323.9900904,-314.0390775,-314.0390775,-314.0390775,-9.951012871,-9.951012871,-9.951012871,0,0,0,456.7293985,East,Technology
11/12/18,781.1063776,-443.6590944,3059.534577,781.1063776,781.1063776,517.1409264,517.1409264,517.1409264,417.8457883,417.8457883,417.8457883,99.2951381,99.2951381,99.2951381,0,0,0,1298.247304,East,Technology
11/13/18,781.1837554,-949.2442711,2556.256323,781.1837554,781.1837554,6.82155324,6.82155324,6.82155324,-132.2181169,-132.2181169,-132.2181169,139.0396702,139.0396702,139.0396702,0,0,0,788.0053086,East,Technology
11/14/18,781.2611331,-1079.218533,2482.840062,781.2611331,781.2611331,-131.8685888,-131.8685888,-131.8685888,-314.0390775,-314.0390775,-314.0390775,182.1704887,182.1704887,182.1704887,0,0,0,649.3925443,East,Technology
11/16/18,781.4158886,-1130.222034,2399.61658,781.4158886,781.4158886,-51.45823869,-51.45823869,-51.45823869,-324.6267989,-324.6267989,-324.6267989,273.1685602,273.1685602,273.1685602,0,0,0,729.9576499,East,Technology
11/17/18,781.4932664,-584.3429199,3001.714189,781.4932664,781.4932664,407.9605475,407.9605475,407.9605475,89.71066826,89.71066826,89.71066826,318.2498792,318.2498792,318.2498792,0,0,0,1189.453814,East,Technology
11/18/18,781.5706441,-495.7663593,3054.162195,781.5706441,781.5706441,502.2012051,502.2012051,502.2012051,140.9701222,140.9701222,140.9701222,361.2310829,361.2310829,361.2310829,0,0,0,1283.771849,East,Technology
11/20/18,781.7253996,-673.1756381,2954.940002,781.7253996,781.7253996,303.6831196,303.6831196,303.6831196,-132.2181169,-132.2181169,-132.2181169,435.9012365,435.9012365,435.9012365,0,0,0,1085.408519,East,Technology
11/24/18,782.0349106,-453.7464638,3251.47286,782.0349106,782.0349106,603.1706022,603.1706022,603.1706022,89.71066826,89.71066826,89.71066826,513.4599339,513.4599339,513.4599339,0,0,0,1385.205513,East,Technology
11/26/18,782.1896661,-87.69523834,3474.362327,782.1896661,782.1896661,926.1227589,926.1227589,926.1227589,417.8457883,417.8457883,417.8457883,508.2769706,508.2769706,508.2769706,0,0,0,1708.312425,East,Technology
11/28/18,782.3444216,-820.703141,2650.321867,782.3444216,782.3444216,160.3463707,160.3463707,160.3463707,-314.0390775,-314.0390775,-314.0390775,474.3854483,474.3854483,474.3854483,0,0,0,942.6907923,East,Technology
11/30/18,782.499177,-921.7943985,2660.322879,782.499177,782.499177,91.93898803,91.93898803,91.93898803,-324.6267989,-324.6267989,-324.6267989,416.5657869,416.5657869,416.5657869,0,0,0,874.4381651,East,Technology
12/3/18,782.7313103,-220.3916642,3262.529327,782.7313103,782.7313103,719.8012597,719.8012597,719.8012597,417.8457883,417.8457883,417.8457883,301.9554714,301.9554714,301.9554714,0,0,0,1502.53257,East,Technology
12/5/18,782.8860658,-1183.679928,2636.55866,782.8860658,782.8860658,-93.25231141,-93.25231141,-93.25231141,-314.0390775,-314.0390775,-314.0390775,220.7867661,220.7867661,220.7867661,0,0,0,689.6337544,East,Technology
12/6/18,782.9634435,-663.4852323,2952.83942,782.9634435,782.9634435,304.8072789,304.8072789,304.8072789,122.3574146,122.3574146,122.3574146,182.4498643,182.4498643,182.4498643,0,0,0,1087.770722,East,Technology
12/10/18,783.2729545,-602.0359056,3148.124195,783.2729545,783.2729545,486.3946268,486.3946268,486.3946268,417.8457883,417.8457883,417.8457883,68.54883853,68.54883853,68.54883853,0,0,0,1269.667581,East,Technology
12/11/18,783.3503322,-1012.136007,2420.066433,783.3503322,783.3503322,-78.46919275,-78.46919275,-78.46919275,-132.2181169,-132.2181169,-132.2181169,53.74892416,53.74892416,53.74892416,0,0,0,704.8811395,East,Technology
12/14/18,783.5824655,-1309.664748,2325.112755,783.5824655,783.5824655,-277.1424154,-277.1424154,-277.1424154,-324.6267989,-324.6267989,-324.6267989,47.48438353,47.48438353,47.48438353,0,0,0,506.4400501,East,Technology
12/21/18,784.1241097,-1102.84084,2377.143379,784.1241097,784.1241097,-124.1414427,-124.1414427,-124.1414427,-324.6267989,-324.6267989,-324.6267989,200.4853562,200.4853562,200.4853562,0,0,0,659.982667,East,Technology
12/22/18,784.2014874,-704.1943266,2868.867758,784.2014874,784.2014874,318.0187443,318.0187443,318.0187443,89.71066826,89.71066826,89.71066826,228.3080761,228.3080761,228.3080761,0,0,0,1102.220232,East,Technology
12/25/18,784.4336207,-696.2227677,2711.839147,784.4336207,784.4336207,163.3518807,163.3518807,163.3518807,-132.2181169,-132.2181169,-132.2181169,295.5699976,295.5699976,295.5699976,0,0,0,947.7855014,East,Technology
12/27/18,784.5883762,-775.141533,2946.446779,784.5883762,784.5883762,439.2193208,439.2193208,439.2193208,122.3574146,122.3574146,122.3574146,316.8619062,316.8619062,316.8619062,0,0,0,1223.807697,East,Technology
12/28/18,784.6657539,-994.0593754,2541.917692,784.6657539,784.6657539,-6.484946139,-6.484946139,-6.484946139,-324.6267989,-324.6267989,-324.6267989,318.1418528,318.1418528,318.1418528,0,0,0,778.1808078,East,Technology
12/30/18,784.8205094,-660.8211634,3034.247242,784.8205094,784.8205094,440.8884462,440.8884462,440.8884462,140.9701222,140.9701222,140.9701222,299.918324,299.918324,299.918324,0,0,0,1225.708956,East,Technology
12/31/18,784.8978871,-316.5749684,3278.860791,784.8978871,784.8978871,698.0540509,698.0540509,698.0540509,417.8457883,417.8457883,417.8457883,280.2082626,280.2082626,280.2082626,0,0,0,1482.951938,East,Technology
1/1/19,784.9752649,-954.8296282,2608.565715,784.9752649,784.9752649,121.4277746,121.4277746,121.4277746,-132.2181169,-132.2181169,-132.2181169,253.6458916,253.6458916,253.6458916,0,0,0,906.4030395,East,Technology
1/2/19,785.0526426,-1047.921288,2431.637463,785.0526426,785.0526426,-93.39140427,-93.39140427,-93.39140427,-314.0390775,-314.0390775,-314.0390775,220.6476733,220.6476733,220.6476733,0,0,0,691.6612384,East,Technology
1/3/19,785.1300204,-756.5731804,2811.359988,785.1300204,785.1300204,304.178524,304.178524,304.178524,122.3574146,122.3574146,122.3574146,181.8211094,181.8211094,181.8211094,0,0,0,1089.308544,East,Technology
1/4/19,785.2073981,-1138.846477,2309.093352,785.2073981,785.2073981,-186.6807835,-186.6807835,-186.6807835,-324.6267989,-324.6267989,-324.6267989,137.9460154,137.9460154,137.9460154,0,0,0,598.5266146,East,Technology
1/5/19,785.2847759,-777.9660985,2911.050264,785.2847759,785.2847759,179.6612146,179.6612146,179.6612146,89.71066826,89.71066826,89.71066826,89.95054638,89.95054638,89.95054638,0,0,0,964.9459905,East,Technology
1/6/19,785.3621536,-938.9318895,2713.693357,785.3621536,785.3621536,179.8528574,179.8528574,179.8528574,140.9701222,140.9701222,140.9701222,38.88273517,38.88273517,38.88273517,0,0,0,965.215011,East,Technology
1/7/19,785.4395314,-686.2676308,3159.539784,785.4395314,785.4395314,403.7242277,403.7242277,403.7242277,417.8457883,417.8457883,417.8457883,-14.12156062,-14.12156062,-14.12156062,0,0,0,1189.163759,East,Technology
1/8/19,785.5169091,-1183.276279,2461.110943,785.5169091,785.5169091,-200.0914123,-200.0914123,-200.0914123,-132.2181169,-132.2181169,-132.2181169,-67.87329542,-67.87329542,-67.87329542,0,0,0,585.4254968,East,Technology
1/9/19,785.5942869,-1491.305475,2169.180305,785.5942869,785.5942869,-435.2054516,-435.2054516,-435.2054516,-314.0390775,-314.0390775,-314.0390775,-121.166374,-121.166374,-121.166374,0,0,0,350.3888353,East,Technology
1/10/19,785.6716646,-1114.289719,2635.678581,785.6716646,785.6716646,-50.45674976,-50.45674976,-50.45674976,122.3574146,122.3574146,122.3574146,-172.8141644,-172.8141644,-172.8141644,0,0,0,735.2149148,East,Technology
1/11/19,785.7490423,-1522.161861,2048.540021,785.7490423,785.7490423,-546.3120487,-546.3120487,-546.3120487,-324.6267989,-324.6267989,-324.6267989,-221.6852498,-221.6852498,-221.6852498,0,0,0,239.4369937,East,Technology
1/12/19,785.8264201,-1140.660168,2459.049593,785.8264195,785.8264201,-177.0266447,-177.0266447,-177.0266447,89.71066826,89.71066826,89.71066826,-266.7373129,-266.7373129,-266.7373129,0,0,0,608.7997754,East,Technology
1/13/19,785.9037978,-1290.145232,2433.291587,785.9037964,785.9037978,-166.077982,-166.077982,-166.077982,140.9701222,140.9701222,140.9701222,-307.0481042,-307.0481042,-307.0481042,0,0,0,619.8258159,East,Technology
1/14/19,785.9811756,-1042.863293,2707.73958,785.9811723,785.9811764,76.0032471,76.0032471,76.0032471,417.8457883,417.8457883,417.8457883,-341.8425412,-341.8425412,-341.8425412,0,0,0,861.9844227,East,Technology
1/15/19,786.0585533,-1618.275193,2137.81433,786.0585487,786.0585549,-502.7332268,-502.7332268,-502.7332268,-132.2181169,-132.2181169,-132.2181169,-370.5151099,-370.5151099,-370.5151099,0,0,0,283.3253265,East,Technology
1/16/19,786.1359311,-1760.470609,1831.975493,786.1359249,786.135934,-706.6859629,-706.6859629,-706.6859629,-314.0390775,-314.0390775,-314.0390775,-392.6468854,-392.6468854,-392.6468854,0,0,0,79.44996812,East,Technology
1/17/19,786.2133088,-1361.120495,2340.480103,786.2133008,786.2133138,-285.6592457,-285.6592457,-285.6592457,122.3574146,122.3574146,122.3574146,-408.0166603,-408.0166603,-408.0166603,0,0,0,500.5540631,East,Technology
1/18/19,786.2906866,-1812.918091,1827.526982,786.2906771,786.2906927,-741.2326541,-741.2326541,-741.2326541,-324.6267989,-324.6267989,-324.6267989,-416.6058552,-416.6058552,-416.6058552,0,0,0,45.05803249,East,Technology
1/19/19,786.3680643,-1382.591859,2280.339344,786.3680533,786.3680714,-328.8864112,-328.8864112,-328.8864112,89.71066826,89.71066826,89.71066826,-418.5970794,-418.5970794,-418.5970794,0,0,0,457.4816532,East,Technology
1/20/19,786.4454421,-1058.444493,2312.388258,786.445429,786.445451,-273.3962885,-273.3962885,-273.3962885,140.9701222,140.9701222,140.9701222,-414.3664107,-414.3664107,-414.3664107,0,0,0,513.0491536,East,Technology
1/21/19,786.5228198,-959.9848102,2596.685863,786.5228042,786.5228306,13.3761305,13.3761305,13.3761305,417.8457883,417.8457883,417.8457883,-404.4696578,-404.4696578,-404.4696578,0,0,0,799.8989503,East,Technology
1/22/19,786.6001975,-1608.350265,2186.914907,786.6001806,786.6002098,-521.8411775,-521.8411775,-521.8411775,-132.2181169,-132.2181169,-132.2181169,-389.6230605,-389.6230605,-389.6230605,0,0,0,264.7590201,East,Technology
1/23/19,786.6775753,-1592.288339,1959.505853,786.6775554,786.6775903,-684.7181311,-684.7181311,-684.7181311,-314.0390775,-314.0390775,-314.0390775,-370.6790535,-370.6790535,-370.6790535,0,0,0,101.9594442,East,Technology
1/24/19,786.754953,-1202.229797,2436.73308,786.7549305,786.7549707,-226.2404609,-226.2404609,-226.2404609,122.3574146,122.3574146,122.3574146,-348.5978755,-348.5978755,-348.5978755,0,0,0,560.5144921,East,Technology
1/25/19,786.8323308,-1639.826072,1900.601106,786.8323055,786.83235,-649.0427349,-649.0427349,-649.0427349,-324.6267989,-324.6267989,-324.6267989,-324.415936,-324.415936,-324.415936,0,0,0,137.7895959,East,Technology
1/26/19,786.9097085,-1193.51066,2352.529216,786.9096805,786.9097287,-209.5012834,-209.5012834,-209.5012834,89.71066826,89.71066826,89.71066826,-299.2119517,-299.2119517,-299.2119517,0,0,0,577.4084251,East,Technology
1/27/19,786.9870863,-1006.860423,2547.217734,786.9870552,786.9871078,-133.1018119,-133.1018119,-133.1018119,140.9701222,140.9701222,140.9701222,-274.0719341,-274.0719341,-274.0719341,0,0,0,653.8852743,East,Technology
1/28/19,787.064464,-841.0498593,2685.737334,787.0644309,787.0644873,167.7916413,167.7916413,167.7916413,417.8457883,417.8457883,417.8457883,-250.054147,-250.054147,-250.054147,0,0,0,954.8561053,East,Technology
1/29/19,787.1418418,-1275.081727,2278.384017,787.1418041,787.1418669,-360.373267,-360.373267,-360.373267,-132.2181169,-132.2181169,-132.2181169,-228.1551501,-228.1551501,-228.1551501,0,0,0,426.7685748,East,Technology
1/30/19,787.2192195,-1710.604478,2079.11333,787.2191789,787.2192495,-523.3170906,-523.3170906,-523.3170906,-314.0390775,-314.0390775,-314.0390775,-209.278013,-209.278013,-209.278013,0,0,0,263.9021289,East,Technology
1/31/19,787.2965972,-1220.895059,2434.708109,787.2965536,787.296634,-71.84629916,-71.84629916,-71.84629916,122.3574146,122.3574146,122.3574146,-194.2037138,-194.2037138,-194.2037138,0,0,0,715.4502981,East,Technology
2/1/19,787.373975,-1609.995307,1973.973621,787.3739267,787.3740149,-508.1934321,-508.1934321,-508.1934321,-324.6267989,-324.6267989,-324.6267989,-183.5666333,-183.5666333,-183.5666333,0,0,0,279.1805428,East,Technology
2/2/19,787.4513527,-1006.761932,2446.711982,787.4513001,787.451395,-88.12426337,-88.12426337,-88.12426337,89.71066826,89.71066826,89.71066826,-177.8349316,-177.8349316,-177.8349316,0,0,0,699.3270894,East,Technology
2/3/19,787.5287305,-1064.747406,2568.84162,787.5286752,787.5287751,-36.32631045,-36.32631045,-36.32631045,140.9701222,140.9701222,140.9701222,-177.2964326,-177.2964326,-177.2964326,0,0,0,751.20242,East,Technology
2/4/19,787.6061082,-813.13486,2766.099546,787.6060488,787.6061552,235.7953172,235.7953172,235.7953172,417.8457883,417.8457883,417.8457883,-182.050471,-182.050471,-182.050471,0,0,0,1023.401425,East,Technology
2/5/19,787.683486,-1252.758042,2346.717764,787.683423,787.6835354,-324.224083,-324.224083,-324.224083,-132.2181169,-132.2181169,-132.2181169,-192.0059661,-192.0059661,-192.0059661,0,0,0,463.459403,East,Technology
2/6/19,787.7608637,-1508.945354,1993.887135,787.760798,787.7609167,-520.9248642,-520.9248642,-520.9248642,-314.0390775,-314.0390775,-314.0390775,-206.8857866,-206.8857866,-206.8857866,0,0,0,266.8359996,East,Technology
2/7/19,787.8382415,-1124.791733,2408.140754,787.8381732,787.8382978,-103.879858,-103.879858,-103.879858,122.3574146,122.3574146,122.3574146,-226.2372726,-226.2372726,-226.2372726,0,0,0,683.9583835,East,Technology
2/8/19,787.9156192,-1524.544969,1911.067784,787.9155469,787.9156782,-574.0753767,-574.0753767,-574.0753767,-324.6267989,-324.6267989,-324.6267989,-249.4485778,-249.4485778,-249.4485778,0,0,0,213.8402425,East,Technology
2/9/19,787.992997,-1146.112733,2403.292002,787.9929232,787.9930579,-186.0596468,-186.0596468,-186.0596468,89.71066826,89.71066826,89.71066826,-275.7703151,-275.7703151,-275.7703151,0,0,0,601.9333502,East,Technology
2/10/19,788.0703747,-1071.530235,2454.028261,788.0702982,788.0704386,-163.3716863,-163.3716863,-163.3716863,140.9701222,140.9701222,140.9701222,-304.3418085,-304.3418085,-304.3418085,0,0,0,624.6986884,East,Technology
2/11/19,788.1477524,-948.6446856,2772.699007,788.1476734,788.1478185,83.62467754,83.62467754,83.62467754,417.8457883,417.8457883,417.8457883,-334.2211107,-334.2211107,-334.2211107,0,0,0,871.77243,East,Technology
2/12/19,788.2251302,-1414.992723,2169.282887,788.2250475,788.2252003,-496.6359317,-496.6359317,-496.6359317,-132.2181169,-132.2181169,-132.2181169,-364.4178148,-364.4178148,-364.4178148,0,0,0,291.5891985,East,Technology
2/13/19,788.3025079,-1909.680081,1858.557089,788.3024204,788.3025808,-707.9666761,-707.9666761,-707.9666761,-314.0390775,-314.0390775,-314.0390775,-393.9275986,-393.9275986,-393.9275986,0,0,0,80.33583183,East,Technology
2/14/19,788.3798857,-1238.713253,2285.487209,788.3797941,788.3799609,-299.4099614,-299.4099614,-299.4099614,122.3574146,122.3574146,122.3574146,-421.767376,-421.767376,-421.767376,0,0,0,488.9699243,East,Technology
2/15/19,788.4572634,-1665.621069,1977.062547,788.4571669,788.457342,-771.6367021,-771.6367021,-771.6367021,-324.6267989,-324.6267989,-324.6267989,-447.0099032,-447.0099032,-447.0099032,0,0,0,16.82056134,East,Technology
2/16/19,788.5346412,-1305.004469,2334.147793,788.5345396,788.5347237,-379.1060314,-379.1060314,-379.1060314,89.71066826,89.71066826,89.71066826,-468.8166996,-468.8166996,-468.8166996,0,0,0,409.4286098,East,Technology
2/17/19,788.6120189,-1240.997928,2121.874023,788.611913,788.6121099,-345.4980646,-345.4980646,-345.4980646,140.9701222,140.9701222,140.9701222,-486.4681868,-486.4681868,-486.4681868,0,0,0,443.1139543,East,Technology
2/18/19,788.6893967,-1153.483852,2524.210082,788.6892872,788.6894921,-81.54424374,-81.54424374,-81.54424374,417.8457883,417.8457883,417.8457883,-499.390032,-499.390032,-499.390032,0,0,0,707.1451529,East,Technology
2/19/19,788.7667744,-1735.043501,1789.803855,788.766661,788.7668745,-639.3929122,-639.3929122,-639.3929122,-132.2181169,-132.2181169,-132.2181169,-507.1747953,-507.1747953,-507.1747953,0,0,0,149.3738622,East,Technology
2/20/19,788.8441522,-1893.909245,1702.679075,788.8440352,788.8442572,-823.6372009,-823.6372009,-823.6372009,-314.0390775,-314.0390775,-314.0390775,-509.5981234,-509.5981234,-509.5981234,0,0,0,-34.79304874,East,Technology
2/21/19,788.9215299,-1347.714743,2057.599227,788.9214075,788.9216389,-384.271485,-384.271485,-384.271485,122.3574146,122.3574146,122.3574146,-506.6288996,-506.6288996,-506.6288996,0,0,0,404.6500449,East,Technology
2/22/19,788.9989076,-1755.354637,1696.979526,788.9987793,788.9990209,-823.0597493,-823.0597493,-823.0597493,-324.6267989,-324.6267989,-324.6267989,-498.4329504,-498.4329504,-498.4329504,0,0,0,-34.06084169,East,Technology
2/23/19,789.0762854,-1452.15668,2050.267171,789.0761514,789.0764025,-395.6594401,-395.6594401,-395.6594401,89.71066826,89.71066826,89.71066826,-485.3701084,-485.3701084,-485.3701084,0,0,0,393.4168453,East,Technology
2/24/19,789.1536631,-1315.017236,2270.933868,789.1535246,789.1537841,-327.0145217,-327.0145217,-327.0145217,140.9701222,140.9701222,140.9701222,-467.9846439,-467.9846439,-467.9846439,0,0,0,462.1391414,East,Technology
2/25/19,789.2310409,-1056.079396,2629.156623,789.2308971,789.2311652,-29.14350196,-29.14350196,-29.14350196,417.8457883,417.8457883,417.8457883,-446.9892902,-446.9892902,-446.9892902,0,0,0,760.0875389,East,Technology
2/26/19,789.3084186,-1493.509876,2056.648315,789.3082699,789.3085464,-555.4614091,-555.4614091,-555.4614091,-132.2181169,-132.2181169,-132.2181169,-423.2432921,-423.2432921,-423.2432921,0,0,0,233.8470096,East,Technology
2/27/19,789.3857964,-1771.439313,1889.916325,789.3856432,789.3859273,-711.7641838,-711.7641838,-711.7641838,-314.0390775,-314.0390775,-314.0390775,-397.7251063,-397.7251063,-397.7251063,0,0,0,77.62161258,East,Technology
2/28/19,789.4631741,-1203.26883,2290.478844,789.4630152,789.4633084,-249.1431434,-249.1431434,-249.1431434,122.3574146,122.3574146,122.3574146,-371.5005579,-371.5005579,-371.5005579,0,0,0,540.3200308,East,Technology
3/1/19,789.5405519,-1726.131215,1822.612905,789.5403879,789.5406888,-670.3142141,-670.3142141,-670.3142141,-324.6267989,-324.6267989,-324.6267989,-345.6874152,-345.6874152,-345.6874152,0,0,0,119.2263377,East,Technology
3/2/19,789.6179296,-1213.231541,2397.667065,789.6177611,789.6180732,-231.7067989,-231.7067989,-231.7067989,89.71066826,89.71066826,89.71066826,-321.4174671,-321.4174671,-321.4174671,0,0,0,557.9111307,East,Technology
3/3/19,789.6953074,-1207.330459,2480.332403,789.6951345,789.6954545,-158.8271653,-158.8271653,-158.8271653,140.9701222,140.9701222,140.9701222,-299.7972875,-299.7972875,-299.7972875,0,0,0,630.8681421,East,Technology
3/4/19,789.7726851,-879.0004095,2888.739825,789.7725084,789.7728355,135.9768642,135.9768642,135.9768642,417.8457883,417.8457883,417.8457883,-281.8689241,-281.8689241,-281.8689241,0,0,0,925.7495493,East,Technology
3/5/19,789.8500628,-1416.121668,2274.988894,789.8498797,789.8502186,-400.789891,-400.789891,-400.789891,-132.2181169,-132.2181169,-132.2181169,-268.5717741,-268.5717741,-268.5717741,0,0,0,389.0601718,East,Technology
3/6/19,789.9274406,-1639.82448,2092.419152,789.9272509,789.927603,-574.7459657,-574.7459657,-574.7459657,-314.0390775,-314.0390775,-314.0390775,-260.7068882,-260.7068882,-260.7068882,0,0,0,215.1814749,East,Technology
3/7/19,790.0048183,-1110.313039,2481.131727,790.0046237,790.0049879,-136.5474735,-136.5474735,-136.5474735,122.3574146,122.3574146,122.3574146,-258.9048881,-258.9048881,-258.9048881,0,0,0,653.4573448,East,Technology
3/8/19,790.0821961,-1544.799686,1980.564315,790.0819988,790.0823711,-588.2253897,-588.2253897,-588.2253897,-324.6267989,-324.6267989,-324.6267989,-263.5985908,-263.5985908,-263.5985908,0,0,0,201.8568064,East,Technology
3/9/19,790.1595738,-1192.171208,2305.27283,790.1593711,790.1597524,-185.2906312,-185.2906312,-185.2906312,89.71066826,89.71066826,89.71066826,-275.0012994,-275.0012994,-275.0012994,0,0,0,604.8689427,East,Technology
3/10/19,790.2369516,-1179.01929,2282.556687,790.2367448,790.2371358,-152.1214426,-152.1214426,-152.1214426,140.9701222,140.9701222,140.9701222,-293.0915648,-293.0915648,-293.0915648,0,0,0,638.115509,East,Technology
3/11/19,790.3143293,-1041.926718,2773.124374,790.3141186,790.3145205,100.2407581,100.2407581,100.2407581,417.8457883,417.8457883,417.8457883,-317.6050302,-317.6050302,-317.6050302,0,0,0,890.5550874,East,Technology
3/12/19,790.3917071,-1469.680658,2158.504943,790.3914918,790.3919029,-480.2518844,-480.2518844,-480.2518844,-132.2181169,-132.2181169,-132.2181169,-348.0337675,-348.0337675,-348.0337675,0,0,0,310.1398226,East,Technology
3/13/19,790.4690848,-1776.642934,1998.175309,790.4688639,790.4692852,-697.672363,-697.672363,-697.672363,-314.0390775,-314.0390775,-314.0390775,-383.6332855,-383.6332855,-383.6332855,0,0,0,92.79672176,East,Technology
3/14/19,790.5464625,-1390.460418,2127.704144,790.5462336,790.5466702,-301.0797462,-301.0797462,-301.0797462,122.3574146,122.3574146,122.3574146,-423.4371608,-423.4371608,-423.4371608,0,0,0,489.4667163,East,Technology
3/15/19,790.6238403,-1931.149983,1720.026282,790.6236032,790.6240528,-790.9058064,-790.9058064,-790.9058064,-324.6267989,-324.6267989,-324.6267989,-466.2790075,-466.2790075,-466.2790075,0,0,0,-0.281966141,East,Technology
3/16/19,790.701218,-1370.468256,2089.88617,790.7009752,790.7014349,-421.110604,-421.110604,-421.110604,89.71066826,89.71066826,89.71066826,-510.8212723,-510.8212723,-510.8212723,0,0,0,369.590614,East,Technology
3/17/19,790.7785958,-1330.210514,2091.582963,790.778346,790.7788173,-414.6200034,-414.6200034,-414.6200034,140.9701222,140.9701222,140.9701222,-555.5901256,-555.5901256,-555.5901256,0,0,0,376.1585923,East,Technology
3/18/19,790.8559735,-1249.833446,2258.739332,790.8557169,790.8562006,-181.169735,-181.169735,-181.169735,417.8457883,417.8457883,417.8457883,-599.0155233,-599.0155233,-599.0155233,0,0,0,609.6862385,East,Technology
3/19/19,790.9333513,-1898.370485,1806.504778,790.933088,790.9335837,-771.6934549,-771.6934549,-771.6934549,-132.2181169,-132.2181169,-132.2181169,-639.475338,-639.475338,-639.475338,0,0,0,19.23989637,East,Technology
3/20/19,791.010729,-1904.980463,1735.497821,791.0104587,791.0109666,-989.3813999,-989.3813999,-989.3813999,-314.0390775,-314.0390775,-314.0390775,-675.3423224,-675.3423224,-675.3423224,0,0,0,-198.3706709,East,Technology
3/21/19,791.0881068,-1479.920936,1916.086756,791.0878293,791.0883477,-582.6751407,-582.6751407,-582.6751407,122.3574146,122.3574146,122.3574146,-705.0325553,-705.0325553,-705.0325553,0,0,0,208.4129661,East,Technology
3/22/19,791.1654845,-2134.53171,1492.547833,791.1652001,791.1657318,-1051.680757,-1051.680757,-1051.680757,-324.6267989,-324.6267989,-324.6267989,-727.0539581,-727.0539581,-727.0539581,0,0,0,-260.5152725,East,Technology
3/23/19,791.2428623,-1634.026836,1821.823398,791.242571,791.2431136,-650.342772,-650.342772,-650.342772,89.71066826,89.71066826,89.71066826,-740.0534402,-740.0534402,-740.0534402,0,0,0,140.9000903,East,Technology
3/24/19,791.32024,-1554.297,1928.421722,791.3199397,791.3204976,-601.8911269,-601.8911269,-601.8911269,140.9701222,140.9701222,140.9701222,-742.8612491,-742.8612491,-742.8612491,0,0,0,189.4291131,East,Technology
3/25/19,791.3976177,-1305.998417,2289.315491,791.3973115,791.3978812,-316.6853722,-316.6853722,-316.6853722,417.8457883,417.8457883,417.8457883,-734.5311604,-734.5311604,-734.5311604,0,0,0,474.7122456,East,Technology
3/26/19,791.4749955,-1923.566283,1900.213225,791.4746825,791.4752636,-846.5933595,-846.5933595,-846.5933595,-132.2181169,-132.2181169,-132.2181169,-714.3752426,-714.3752426,-714.3752426,0,0,0,-55.118364,East,Technology
3/27/19,791.5523732,-2051.02555,1508.382487,791.5520537,791.5526452,-996.0311457,-996.0311457,-996.0311457,-314.0390775,-314.0390775,-314.0390775,-681.9920682,-681.9920682,-681.9920682,0,0,0,-204.4787725,East,Technology
3/28/19,791.629751,-1452.02316,2073.184723,791.6294238,791.6300262,-514.9300072,-514.9300072,-514.9300072,122.3574146,122.3574146,122.3574146,-637.2874217,-637.2874217,-637.2874217,0,0,0,276.6997438,East,Technology
3/29/19,791.7071287,-1842.036319,1747.315769,791.7067968,791.7074086,-905.1135528,-905.1135528,-905.1135528,-324.6267989,-324.6267989,-324.6267989,-580.486754,-580.486754,-580.486754,0,0,0,-113.4064241,East,Technology
3/30/19,791.7845065,-1439.677644,2221.775731,791.7841686,791.7847942,-422.4281956,-422.4281956,-422.4281956,89.71066826,89.71066826,89.71066826,-512.1388639,-512.1388639,-512.1388639,0,0,0,369.3563109,East,Technology